Pocz_lp,Y,X1_Z2,X4_Z1,Ranga(X5),X6_Z2,X6_Z3,X6_Z5,X9,X10_Z2,X10_Z3,Ranga(X11),X12_Z1,Ranga(X12),X14_Z2,Ranga(X14),X15_Z1,X15_Z3,X18,X24
5,0,0,0,1619.5,0,0,0,13394.7,0,1,329.5,0,994.5,0,2086.5,0,0,0,1
9,0,1,0,883.5,0,1,0,56281.97,0,0,1521.5,0,1926.5,0,284.5,0,0,1,1
10,0,0,1,1619.5,0,0,0,11630.41,0,0,966.5,0,1926.5,0,284.5,0,0,1,1
12,0,0,0,2119.5,0,1,0,40755.55,0,0,329.5,0,994.5,0,284.5,0,0,1,1
13,0,1,0,2119.5,0,1,0,70894.94,1,0,329.5,0,1926.5,0,284.5,1,0,0,1
14,0,0,0,1619.5,0,0,0,32775.2,0,0,1521.5,1,268.5,0,2086.5,0,0,0,1
15,0,0,1,1619.5,0,0,0,41792.01,0,1,966.5,0,994.5,1,1170.5,1,0,0,1
17,0,0,1,189.5,0,0,1,16230.53,0,0,329.5,0,994.5,1,1170.5,1,0,0,1
20,0,0,0,2119.5,0,0,0,3199.82,0,1,329.5,0,1926.5,1,1170.5,0,1,1,1
23,0,0,1,2119.5,0,0,0,44163.19,0,0,966.5,0,994.5,0,2086.5,0,0,0,1
25,0,0,0,1619.5,1,0,0,83029.57,1,0,1521.5,0,1926.5,0,284.5,1,0,1,1
28,0,0,1,2119.5,0,0,0,27866.27,0,0,1521.5,1,268.5,0,284.5,1,0,0,1
29,0,0,0,189.5,0,0,1,43476.52,1,0,1521.5,0,1926.5,1,1170.5,0,0,1,1
30,0,0,0,883.5,0,0,0,23022.85,0,0,329.5,0,1926.5,0,284.5,1,0,1,1
33,0,0,0,2119.5,0,0,0,50955.42,1,0,2084.5,1,268.5,0,2086.5,0,0,0,1
34,0,0,1,2119.5,1,0,0,77434.26,0,0,329.5,1,268.5,1,1170.5,0,0,1,1
35,0,1,1,189.5,0,0,1,18657.37,1,0,329.5,0,1926.5,0,2086.5,1,0,1,1
40,0,0,1,883.5,1,0,0,24628.44,0,0,329.5,1,268.5,1,1170.5,0,0,0,1
43,0,1,1,2119.5,0,0,0,44276.91,0,0,2084.5,0,1926.5,1,1170.5,1,0,1,1
46,0,1,0,2119.5,1,0,0,-10689.8,0,0,329.5,0,1926.5,0,284.5,0,0,0,1
49,0,0,0,1619.5,0,1,0,28635.02,0,0,1521.5,0,1926.5,1,1170.5,0,0,1,1
51,0,0,0,883.5,0,0,0,62940.65,0,0,966.5,0,1926.5,0,2086.5,0,0,1,1
55,0,0,0,883.5,0,1,0,9389.63,0,0,966.5,0,1926.5,0,284.5,1,0,1,1
57,0,0,0,189.5,0,0,1,54619.25,0,0,966.5,0,994.5,0,2086.5,1,0,1,1
59,0,0,0,2119.5,0,0,1,30979.31,0,0,329.5,0,1926.5,0,284.5,1,0,1,2
60,0,1,0,2119.5,0,0,0,35825.56,0,0,966.5,0,1926.5,0,2086.5,0,0,1,1
64,0,0,0,2119.5,0,0,0,39944.2,0,0,329.5,0,994.5,0,2086.5,0,0,1,1
66,0,0,0,2119.5,1,0,0,22795.49,0,0,1521.5,0,1926.5,0,2086.5,0,1,1,1
68,0,0,0,1619.5,0,0,0,31750.69,1,0,329.5,0,994.5,0,284.5,0,0,1,1
69,0,0,0,2119.5,0,0,0,39991.22,0,0,966.5,0,1926.5,0,2086.5,0,0,0,1
73,0,0,0,189.5,0,0,1,51550.9,0,0,966.5,0,1926.5,1,1170.5,0,0,1,1
74,0,0,0,2119.5,0,0,0,95110.8,0,0,329.5,0,1926.5,0,2086.5,0,0,0,1
76,0,0,1,2119.5,1,0,0,66597.76,0,0,2084.5,0,1926.5,0,2086.5,1,0,1,1
77,0,0,0,883.5,0,0,0,33243.73,1,0,1521.5,0,1926.5,0,284.5,0,0,1,1
80,0,1,0,1619.5,0,1,0,53001.28,0,0,329.5,0,1926.5,1,1170.5,1,0,1,1
81,0,0,0,883.5,0,1,0,32975.23,0,0,2084.5,0,1926.5,0,284.5,0,1,0,1
82,0,0,0,883.5,1,0,0,35082.86,0,0,329.5,0,994.5,0,284.5,1,0,1,1
83,0,1,0,189.5,0,0,1,18389.11,0,0,2084.5,0,994.5,0,2086.5,0,0,1,1
86,0,0,0,2119.5,0,1,0,15605.76,0,0,966.5,0,1926.5,1,1170.5,0,1,1,1
88,0,1,0,189.5,0,0,1,41142.11,0,1,966.5,0,1926.5,0,284.5,0,1,0,1
89,0,1,1,2119.5,1,0,0,60519.35,0,0,329.5,1,268.5,0,284.5,1,0,0,1
91,0,0,0,1619.5,0,1,0,5306.14,0,0,966.5,0,994.5,0,284.5,0,0,1,1
92,0,0,0,2119.5,0,0,0,85459.36,1,0,1521.5,0,994.5,0,284.5,0,0,0,1
95,0,0,0,189.5,0,0,1,56348.94,1,0,2084.5,0,1926.5,1,1170.5,1,0,1,1
97,0,0,0,883.5,1,0,0,41591.75,1,0,329.5,0,994.5,1,1170.5,0,1,0,1
98,0,0,0,189.5,0,0,1,28419.26,0,0,2084.5,0,994.5,1,1170.5,1,0,0,1
101,0,1,0,883.5,1,0,0,21084.39,0,0,1521.5,0,1926.5,0,2086.5,1,0,0,1
104,0,0,0,189.5,0,0,1,34837.96,0,1,966.5,0,994.5,1,1170.5,1,0,1,1
106,0,0,0,2119.5,0,0,0,15074.69,1,0,329.5,0,1926.5,0,284.5,0,0,0,1
107,0,1,0,883.5,1,0,0,35243.54,0,0,329.5,0,994.5,1,1170.5,0,0,0,1
108,0,0,0,2119.5,1,0,0,115181.89,0,0,329.5,1,268.5,1,1170.5,0,0,1,1
109,0,0,1,2119.5,0,0,1,66315.25,0,0,966.5,1,268.5,0,2086.5,1,0,1,1
112,0,0,0,883.5,0,0,0,40761.06,0,0,966.5,0,1926.5,0,284.5,0,0,0,1
114,0,1,0,2119.5,1,0,0,41965.84,0,0,1521.5,1,268.5,0,2086.5,1,0,1,1
116,0,1,0,2119.5,0,0,0,22256.51,0,0,329.5,1,268.5,0,284.5,1,0,1,1
117,0,0,0,883.5,0,0,0,61585.2,0,0,329.5,0,994.5,0,2086.5,0,1,0,1
118,0,1,0,883.5,1,0,0,59053.47,1,0,2084.5,0,994.5,0,284.5,0,0,0,1
119,0,0,0,1619.5,0,0,0,72617.27,0,0,1521.5,0,994.5,1,1170.5,0,0,0,1
120,0,0,0,2119.5,0,0,0,27342.42,0,0,2084.5,1,268.5,1,1170.5,1,0,0,1
123,0,0,0,1619.5,1,0,0,29853.36,0,0,329.5,1,268.5,0,284.5,1,0,1,1
125,0,0,0,883.5,1,0,0,28222.09,0,0,966.5,0,1926.5,0,2086.5,1,0,1,1
126,0,0,1,1619.5,0,0,0,77387.43,0,0,1521.5,0,1926.5,1,1170.5,1,0,1,1
127,0,0,0,883.5,0,0,0,-7222.01,0,0,329.5,1,268.5,0,284.5,0,0,1,1
131,0,0,1,883.5,0,0,0,37503.87,0,0,329.5,0,1926.5,0,284.5,1,0,0,1
132,0,0,0,883.5,0,0,0,18985.46,0,0,329.5,0,1926.5,1,1170.5,1,0,1,1
133,0,0,0,883.5,0,0,0,-42947.57,0,0,1521.5,0,1926.5,0,2086.5,1,0,0,1
139,0,0,0,2119.5,0,0,0,57352.9,0,0,329.5,0,994.5,0,284.5,0,0,0,1
140,0,1,0,883.5,1,0,0,231.28,0,0,329.5,0,1926.5,0,2086.5,0,0,1,1
141,0,0,0,1619.5,1,0,0,46744.05,0,0,1521.5,0,1926.5,0,2086.5,0,0,0,1
142,0,0,0,883.5,0,0,1,19404.57,1,0,329.5,0,1926.5,1,1170.5,1,0,0,1
145,0,0,0,883.5,0,0,0,15028.59,1,0,329.5,0,994.5,0,284.5,1,0,1,1
146,0,0,0,1619.5,0,1,0,36822.1,1,0,2084.5,0,994.5,0,284.5,0,0,0,1
148,0,0,1,1619.5,1,0,0,35439.93,0,0,2084.5,0,1926.5,1,1170.5,1,0,0,1
149,0,0,0,883.5,1,0,0,29580.1,0,0,329.5,0,1926.5,1,1170.5,1,0,1,1
151,0,0,0,2119.5,0,0,0,23279.13,0,0,329.5,0,1926.5,1,1170.5,0,0,1,1
152,0,0,0,2119.5,0,0,0,34655.9,0,0,329.5,0,1926.5,1,1170.5,1,0,0,1
153,0,0,0,2119.5,1,0,0,59845.73,0,0,1521.5,0,994.5,0,284.5,0,0,0,1
155,0,0,0,1619.5,0,0,0,48723.98,0,0,2084.5,0,994.5,0,284.5,1,0,1,1
157,0,1,0,2119.5,0,0,0,-3253.03,0,0,329.5,0,1926.5,0,2086.5,1,0,1,1
158,0,0,0,883.5,1,0,0,116138.9,1,0,966.5,1,268.5,1,1170.5,1,0,0,1
159,0,0,1,883.5,0,0,1,-4546.22,0,0,2084.5,0,1926.5,0,284.5,1,0,0,1
160,0,1,1,2119.5,0,0,0,38923.66,0,1,2084.5,0,1926.5,0,2086.5,0,0,0,2
162,0,1,0,883.5,0,0,0,29847.29,0,0,1521.5,0,994.5,0,284.5,0,0,1,1
166,0,1,0,883.5,0,0,0,59547.33,0,0,329.5,0,994.5,0,2086.5,0,0,1,1
169,0,1,0,883.5,0,0,0,45248.68,0,0,1521.5,0,1926.5,1,1170.5,1,0,1,1
172,0,0,0,883.5,0,0,0,46415.92,0,0,329.5,0,1926.5,1,1170.5,0,0,1,1
173,0,0,0,883.5,0,1,0,34915.24,0,0,1521.5,1,268.5,0,2086.5,0,0,1,2
174,0,0,0,883.5,0,0,0,57140.18,0,0,2084.5,0,1926.5,0,2086.5,0,0,0,1
175,0,0,0,2119.5,1,0,0,28950.31,0,1,2084.5,0,1926.5,0,2086.5,1,0,0,1
176,0,0,0,883.5,0,0,0,93582.32,0,0,2084.5,0,1926.5,1,1170.5,0,0,0,1
179,0,0,0,883.5,0,0,0,26209.04,0,0,1521.5,0,1926.5,0,2086.5,1,0,1,1
181,0,0,0,883.5,1,0,0,20037.23,1,0,329.5,0,994.5,1,1170.5,1,0,0,1
182,0,0,0,2119.5,0,0,1,46797.75,0,0,329.5,0,994.5,1,1170.5,1,0,0,1
186,0,1,0,883.5,0,0,0,41989.38,0,0,329.5,0,1926.5,0,2086.5,0,0,1,1
188,0,0,1,2119.5,0,0,0,107711.62,1,0,329.5,0,1926.5,1,1170.5,1,0,0,1
193,0,0,0,1619.5,0,0,0,34868.27,0,0,329.5,0,994.5,0,2086.5,1,0,0,1
194,0,0,0,883.5,0,1,0,18040.84,0,0,966.5,0,1926.5,0,284.5,1,0,1,1
195,0,0,0,883.5,0,0,0,104802.14,0,0,966.5,1,268.5,1,1170.5,1,0,1,1
196,0,1,0,883.5,0,0,0,-30684.83,1,0,329.5,0,994.5,0,2086.5,0,0,1,1
197,0,0,1,189.5,0,0,1,36408.36,1,0,329.5,0,1926.5,0,2086.5,1,0,1,1
198,0,0,0,2119.5,1,0,0,22359.53,0,0,2084.5,1,268.5,0,2086.5,0,0,1,1
200,0,0,0,883.5,0,0,0,38689.57,0,0,329.5,0,1926.5,0,284.5,0,1,1,1
202,1,0,0,883.5,0,0,1,18470.02,0,0,329.5,0,1926.5,0,284.5,1,0,0,1
208,1,1,1,883.5,0,0,1,39292.28,0,0,329.5,0,1926.5,1,1170.5,0,0,1,1
209,1,1,0,189.5,0,0,1,-8224.46,1,0,966.5,1,268.5,0,284.5,0,0,0,1
211,1,0,0,189.5,0,0,1,-19395.88,1,0,329.5,0,994.5,1,1170.5,0,1,1,1
223,1,1,0,883.5,0,0,0,11468.9,1,0,966.5,0,1926.5,0,284.5,0,1,1,1
229,1,1,0,883.5,0,0,1,-12838.5,1,0,1521.5,1,268.5,0,2086.5,0,1,1,1
233,1,0,1,883.5,0,1,0,18623.6,0,0,1521.5,0,994.5,1,1170.5,0,0,0,1
235,1,0,0,1619.5,1,0,0,25716.8,1,0,1521.5,0,1926.5,1,1170.5,0,1,0,1
236,1,0,1,1619.5,0,0,0,16953.46,0,0,1521.5,0,994.5,0,284.5,1,0,0,1
238,1,0,0,883.5,0,0,0,7720.22,0,0,329.5,1,268.5,1,1170.5,0,1,0,1
240,1,0,0,883.5,0,0,0,10989.72,0,0,2084.5,0,994.5,1,1170.5,0,1,1,1
241,1,0,1,883.5,0,0,0,19593.05,1,0,2084.5,0,1926.5,0,284.5,0,1,1,1
250,1,1,0,883.5,0,0,0,14586.44,1,0,966.5,0,1926.5,1,1170.5,0,1,0,1
255,1,1,1,883.5,0,0,0,30818.21,1,0,2084.5,0,994.5,1,1170.5,1,0,0,1
256,1,0,0,189.5,0,0,1,1164.24,1,0,2084.5,1,268.5,1,1170.5,0,1,0,1
257,1,0,1,883.5,0,0,1,13897.49,1,0,966.5,0,994.5,0,284.5,1,0,0,1
258,1,0,0,883.5,0,0,0,14965.31,0,1,2084.5,0,994.5,0,2086.5,0,1,1,1
260,1,0,0,883.5,0,0,1,-980.03,1,0,1521.5,1,268.5,1,1170.5,0,0,1,1
262,1,0,0,189.5,0,0,1,-7569.14,0,0,966.5,1,268.5,1,1170.5,0,0,0,1
265,1,0,0,1619.5,0,0,0,23731.88,0,0,329.5,0,994.5,1,1170.5,0,0,1,1
266,1,0,0,883.5,0,0,0,-7551.25,1,0,966.5,0,994.5,1,1170.5,0,0,0,1
271,1,0,1,2119.5,0,0,1,16520.25,1,0,2084.5,0,994.5,0,2086.5,0,1,0,1
276,1,0,1,883.5,0,0,1,-20152.33,1,0,966.5,1,268.5,0,284.5,0,0,1,1
279,1,1,0,1619.5,0,0,1,10299.43,1,0,2084.5,1,268.5,1,1170.5,0,1,1,1
280,1,0,0,883.5,0,0,0,31965.14,1,0,2084.5,1,268.5,0,284.5,0,1,0,1
286,1,0,0,1619.5,0,0,0,40885.31,0,0,329.5,0,994.5,1,1170.5,0,1,1,1
287,1,0,1,883.5,1,0,0,32013.39,1,0,2084.5,0,994.5,1,1170.5,0,0,1,1
288,1,0,1,883.5,0,0,0,-4303.46,0,0,966.5,0,994.5,1,1170.5,0,0,0,1
289,1,0,1,189.5,0,0,1,25060.1,1,0,1521.5,0,994.5,1,1170.5,0,0,1,1
290,1,1,0,883.5,0,1,0,14112.34,1,0,2084.5,1,268.5,1,1170.5,1,0,0,1
292,1,0,0,883.5,0,0,1,9853.77,0,0,2084.5,0,1926.5,1,1170.5,0,1,0,1
294,1,0,0,1619.5,0,0,1,15132.07,0,1,1521.5,1,268.5,1,1170.5,1,0,1,1
296,1,0,1,883.5,0,0,0,15797.35,1,0,329.5,1,268.5,0,2086.5,0,0,1,1
297,1,1,1,2119.5,0,0,0,8855.25,0,0,2084.5,1,268.5,0,2086.5,0,0,1,1
299,1,0,1,883.5,0,0,0,17980.63,1,0,966.5,1,268.5,1,1170.5,0,0,1,3
306,1,0,0,189.5,0,0,1,10698.71,1,0,2084.5,0,994.5,1,1170.5,0,0,1,4
307,1,0,0,883.5,1,0,0,9351.9,1,0,1521.5,0,994.5,1,1170.5,0,1,1,1
308,1,0,1,1619.5,0,0,0,-7877.17,0,1,2084.5,0,994.5,1,1170.5,0,0,1,1
312,1,0,0,883.5,0,0,0,82.18,1,0,966.5,1,268.5,1,1170.5,0,0,0,1
317,1,0,1,189.5,0,0,1,10041.59,0,1,2084.5,1,268.5,1,1170.5,0,0,0,1
318,1,0,1,189.5,0,0,1,8501.4,1,0,1521.5,0,994.5,0,284.5,0,1,0,1
322,1,0,0,189.5,0,0,1,35705.73,0,1,2084.5,1,268.5,1,1170.5,0,0,0,1
327,1,0,0,1619.5,0,0,1,8406.02,0,1,2084.5,0,994.5,1,1170.5,1,0,1,2
340,1,0,0,189.5,0,0,1,14118.3,1,0,329.5,0,994.5,1,1170.5,0,0,0,1
346,1,0,0,189.5,0,0,1,-15141.98,0,0,2084.5,1,268.5,1,1170.5,1,0,0,1
347,1,0,0,189.5,0,0,1,9794.36,0,1,966.5,1,268.5,0,2086.5,1,0,1,1
348,1,0,0,883.5,0,0,0,32188.19,0,0,1521.5,1,268.5,1,1170.5,0,1,1,1
349,1,1,0,883.5,0,0,0,7953.2,1,0,966.5,0,994.5,0,2086.5,1,0,0,1
351,1,0,0,883.5,0,0,0,22272.07,1,0,2084.5,1,268.5,1,1170.5,0,0,0,2
353,1,0,0,883.5,0,0,0,6158.12,0,0,329.5,0,994.5,1,1170.5,0,1,1,1
355,1,1,0,2119.5,0,0,0,39615.01,1,0,2084.5,1,268.5,0,284.5,0,0,0,1
358,1,0,0,189.5,0,0,1,13179.77,0,0,966.5,1,268.5,1,1170.5,1,0,1,1
363,1,0,0,883.5,0,0,0,-19353.16,1,0,2084.5,0,994.5,1,1170.5,0,1,1,1
364,1,0,0,883.5,1,0,0,2474.34,1,0,966.5,0,1926.5,0,284.5,1,0,0,1
365,1,0,1,883.5,0,0,1,14026.99,1,0,966.5,1,268.5,0,284.5,1,0,1,1
366,1,0,0,189.5,0,0,1,16153.79,0,0,966.5,0,994.5,1,1170.5,1,0,0,5
371,1,0,0,2119.5,0,0,0,2956.28,1,0,2084.5,1,268.5,1,1170.5,0,0,1,1
372,1,0,0,189.5,0,0,1,-4709.1,0,1,329.5,1,268.5,1,1170.5,1,0,1,1
373,1,0,0,883.5,0,0,0,11572.05,0,0,1521.5,0,1926.5,0,2086.5,1,0,0,1
374,1,0,0,883.5,0,0,0,4091.32,0,0,1521.5,1,268.5,0,284.5,0,0,0,1
375,1,1,0,189.5,0,0,1,9902.53,1,0,329.5,0,994.5,0,284.5,0,0,0,5
380,1,0,0,189.5,0,0,1,23092.91,1,0,2084.5,0,994.5,0,2086.5,0,1,1,1
382,1,0,0,1619.5,1,0,0,17661.62,0,0,329.5,0,1926.5,1,1170.5,0,0,1,1
390,1,0,0,1619.5,0,0,0,7088.8,1,0,966.5,0,1926.5,1,1170.5,0,1,0,1
395,1,0,0,883.5,1,0,0,14628.58,1,0,1521.5,1,268.5,0,284.5,0,1,1,1
401,0,0,0,2119.5,0,1,0,50046.16,0,0,966.5,0,994.5,0,2086.5,0,0,1,1
402,0,0,0,883.5,0,0,0,34055.48,0,0,329.5,0,1926.5,0,2086.5,0,0,1,1
403,0,1,0,1619.5,0,1,0,34948.76,0,0,2084.5,0,994.5,0,2086.5,1,0,0,1
405,0,0,0,2119.5,1,0,0,50961.96,0,0,329.5,0,1926.5,1,1170.5,1,0,1,1
407,0,1,0,2119.5,0,0,0,42438.16,0,0,2084.5,0,994.5,0,2086.5,0,1,0,1
409,0,0,0,189.5,0,0,1,49232.72,1,0,329.5,0,994.5,0,2086.5,0,0,0,1
410,0,0,0,2119.5,0,1,0,43110.92,0,0,329.5,0,994.5,1,1170.5,0,0,1,1
411,0,0,0,883.5,0,1,0,37516.08,1,0,966.5,0,1926.5,0,2086.5,1,0,0,1
412,0,0,0,1619.5,1,0,0,40647.6,1,0,329.5,1,268.5,0,2086.5,1,0,0,1
413,0,0,0,2119.5,0,0,0,38118.44,0,0,966.5,0,994.5,0,2086.5,1,0,0,1
414,0,0,0,883.5,0,0,0,37425.12,0,0,966.5,0,1926.5,0,2086.5,0,0,1,1
415,0,0,0,2119.5,1,0,0,45843.24,0,0,1521.5,1,268.5,0,2086.5,1,0,0,1
416,0,0,1,883.5,0,0,0,38225.6,0,0,1521.5,0,1926.5,0,284.5,1,0,1,1
417,0,1,0,1619.5,0,0,0,33065.84,0,0,1521.5,0,1926.5,0,2086.5,0,0,1,1
419,0,0,1,1619.5,0,0,1,51502.24,0,0,329.5,0,994.5,0,2086.5,0,0,1,1
420,0,0,1,883.5,1,0,0,37427.84,0,0,2084.5,0,1926.5,1,1170.5,1,0,1,1
421,0,1,0,1619.5,0,0,0,39474.4,1,0,329.5,0,1926.5,0,284.5,1,0,1,1
422,0,0,0,2119.5,0,0,0,41727.72,0,0,966.5,1,268.5,1,1170.5,1,0,1,1
423,0,0,0,189.5,0,0,1,52839.92,0,0,329.5,0,994.5,0,2086.5,1,0,1,1
424,0,0,0,883.5,0,0,0,43864.4,0,0,329.5,0,1926.5,0,284.5,0,0,0,1
425,0,0,1,1619.5,0,0,0,39463.84,0,0,329.5,1,268.5,0,2086.5,0,0,0,1
426,0,0,0,2119.5,1,0,0,54664.44,0,0,966.5,0,1926.5,0,2086.5,0,0,0,1
427,0,0,0,2119.5,0,0,0,43501.08,0,0,1521.5,0,994.5,0,2086.5,0,0,1,1
428,0,0,1,883.5,0,1,0,55373.4,0,0,966.5,0,1926.5,0,2086.5,1,0,1,1
429,0,0,0,2119.5,0,1,0,49956.68,1,0,2084.5,0,1926.5,0,2086.5,1,0,1,1
430,0,0,0,883.5,0,0,0,46401.2,0,0,966.5,0,1926.5,0,284.5,0,0,1,1
432,0,0,0,883.5,0,0,0,33708.4,0,0,329.5,0,994.5,0,284.5,0,0,0,1
433,0,1,0,883.5,0,0,1,34990.8,0,0,329.5,0,1926.5,0,2086.5,1,0,1,1
435,0,0,1,2119.5,1,0,0,36253.2,1,0,966.5,0,1926.5,1,1170.5,1,0,0,1
436,0,0,0,883.5,1,0,0,42214.68,0,0,966.5,0,1926.5,0,2086.5,1,0,1,1
437,0,0,1,883.5,0,1,0,53822.24,0,0,1521.5,0,1926.5,0,2086.5,0,0,0,1
438,0,0,0,2119.5,0,0,1,34778.96,0,0,2084.5,0,1926.5,1,1170.5,1,0,1,1
439,0,1,0,1619.5,0,0,0,33735.52,0,1,329.5,0,1926.5,1,1170.5,0,0,0,1
440,0,0,0,2119.5,0,0,0,35646.16,0,0,2084.5,0,994.5,1,1170.5,1,0,0,1
441,0,0,1,189.5,0,0,1,37117.08,0,0,329.5,0,1926.5,1,1170.5,0,0,0,1
442,0,1,1,2119.5,1,0,0,37321.76,1,0,329.5,0,994.5,0,284.5,0,0,0,1
443,0,0,1,2119.5,0,1,0,40660.52,0,0,2084.5,0,1926.5,0,284.5,1,0,1,2
444,0,1,1,2119.5,0,0,0,36798.96,0,1,966.5,0,994.5,0,2086.5,1,0,0,3
446,0,1,1,189.5,0,0,1,40180.32,0,0,1521.5,0,994.5,1,1170.5,1,0,1,1
448,0,0,0,1619.5,1,0,0,42875.44,0,0,329.5,1,268.5,0,2086.5,0,0,1,1
449,0,0,0,2119.5,0,0,0,41147.04,0,1,966.5,0,1926.5,1,1170.5,1,0,1,1
450,0,0,0,189.5,0,0,1,45788.08,1,0,966.5,0,994.5,0,2086.5,1,0,1,1
451,0,1,0,2119.5,0,0,0,35325.88,0,0,329.5,0,1926.5,0,284.5,1,0,0,1
453,0,0,0,189.5,0,0,1,41373.64,0,0,329.5,0,1926.5,0,284.5,0,0,0,1
454,0,0,0,1619.5,0,0,0,42290.64,0,0,2084.5,0,1926.5,1,1170.5,0,0,1,1
455,0,0,0,1619.5,0,1,0,39402.92,0,0,329.5,0,1926.5,0,2086.5,0,0,0,1
456,0,0,0,1619.5,0,0,0,41463.12,0,0,1521.5,1,268.5,0,284.5,1,0,0,1
459,0,0,0,2119.5,0,0,0,39720.96,0,1,1521.5,0,1926.5,0,284.5,0,0,1,3
461,0,0,0,2119.5,0,1,0,48063.04,1,0,329.5,0,994.5,0,284.5,1,0,0,1
464,0,0,1,189.5,0,0,1,44881.8,0,1,329.5,0,994.5,0,2086.5,0,0,0,1
465,0,1,1,2119.5,0,0,0,44151.16,0,0,1521.5,0,1926.5,0,284.5,0,0,0,1
466,0,0,0,883.5,0,1,0,37071.56,0,0,329.5,0,994.5,0,2086.5,0,0,0,1
467,0,0,0,2119.5,0,0,1,40072.64,0,0,329.5,0,1926.5,1,1170.5,0,0,0,2
468,0,0,0,883.5,0,0,0,43490.48,0,0,329.5,0,1926.5,0,284.5,0,0,1,1
469,0,0,0,189.5,0,0,1,33133.36,0,0,329.5,0,994.5,0,284.5,1,0,1,1
470,0,0,0,1619.5,0,0,0,51927.68,0,0,1521.5,0,994.5,0,284.5,0,0,0,1
473,0,0,0,1619.5,1,0,0,30797.72,0,0,329.5,0,1926.5,0,284.5,1,0,1,1
476,0,1,0,1619.5,0,0,0,29488.08,0,0,329.5,0,1926.5,1,1170.5,0,0,0,1
477,0,0,1,189.5,0,0,1,38414.96,0,0,329.5,0,1926.5,0,284.5,0,0,1,1
478,0,1,0,2119.5,0,0,0,27327.32,0,0,2084.5,0,1926.5,0,284.5,0,0,0,1
479,0,0,0,883.5,1,0,0,34971.44,0,0,1521.5,0,1926.5,0,2086.5,1,0,0,3
480,0,0,0,883.5,0,0,0,53335.88,0,0,966.5,0,1926.5,0,2086.5,0,1,1,1
482,0,0,0,2119.5,0,0,0,44818.16,1,0,966.5,0,994.5,0,284.5,1,0,1,1
483,0,1,0,883.5,0,0,0,41766,0,0,2084.5,0,1926.5,0,2086.5,0,0,0,1
484,0,0,0,883.5,1,0,0,41593.32,0,0,1521.5,0,1926.5,0,2086.5,0,0,0,1
485,0,1,0,2119.5,0,0,0,41161.52,0,0,329.5,0,1926.5,0,284.5,1,0,0,3
486,0,0,0,2119.5,0,0,1,43874.28,1,0,329.5,0,1926.5,1,1170.5,1,0,1,1
489,0,0,0,1619.5,0,0,0,31919.48,0,0,329.5,0,1926.5,0,2086.5,1,0,1,1
490,0,0,0,2119.5,1,0,0,54231.76,0,1,966.5,0,1926.5,0,284.5,1,0,0,1
491,0,0,1,189.5,0,0,1,37515.4,0,0,1521.5,0,994.5,0,2086.5,1,0,1,1
492,0,0,0,883.5,0,1,0,44502.36,0,1,1521.5,1,268.5,0,284.5,0,0,0,1
493,0,0,1,2119.5,0,0,0,39841.92,0,0,2084.5,0,994.5,0,284.5,1,0,0,1
495,0,0,0,189.5,0,0,1,31290.36,0,0,329.5,0,1926.5,0,2086.5,1,0,1,1
497,0,0,0,1619.5,0,0,0,49761.76,0,1,966.5,1,268.5,0,2086.5,1,0,1,1
500,0,0,0,1619.5,0,0,0,42493.36,0,0,1521.5,1,268.5,1,1170.5,0,0,1,2
501,0,1,0,1619.5,0,0,0,42722.56,0,1,329.5,0,1926.5,1,1170.5,1,0,1,1
502,0,0,0,189.5,0,0,1,37810.08,0,0,1521.5,0,1926.5,0,2086.5,0,0,1,1
503,0,0,0,1619.5,0,0,0,31070.68,0,0,329.5,0,1926.5,0,284.5,1,0,0,1
504,0,1,1,883.5,0,1,0,40443.28,0,0,2084.5,0,994.5,1,1170.5,1,0,0,1
505,0,0,0,1619.5,0,0,0,42589.6,0,0,329.5,0,1926.5,0,284.5,1,0,0,1
506,0,1,0,883.5,1,0,0,36671.8,0,0,966.5,0,1926.5,0,284.5,0,0,1,1
507,0,0,0,883.5,0,1,0,36787.36,1,0,966.5,0,1926.5,0,2086.5,0,0,1,1
509,0,1,1,189.5,0,0,1,33672.88,0,0,329.5,0,1926.5,0,284.5,0,0,1,1
510,0,1,0,2119.5,0,0,0,42981.08,0,0,2084.5,0,1926.5,0,284.5,0,0,0,1
511,0,0,0,1619.5,0,0,0,41948.08,1,0,329.5,0,1926.5,1,1170.5,1,0,1,1
512,0,0,1,883.5,1,0,0,41841.92,0,0,2084.5,0,1926.5,0,2086.5,1,0,0,1
513,0,0,0,883.5,0,1,0,42902.04,0,1,329.5,0,1926.5,0,284.5,0,0,1,1
514,0,0,0,883.5,0,0,0,39395.64,0,0,1521.5,0,1926.5,0,2086.5,1,0,0,1
516,0,0,0,189.5,0,0,1,46998.32,0,0,966.5,0,1926.5,0,2086.5,1,0,1,1
517,0,0,0,883.5,0,1,0,43807.68,0,1,329.5,0,1926.5,0,284.5,0,0,1,1
518,0,1,0,2119.5,0,1,0,38340.32,0,0,329.5,0,1926.5,0,2086.5,1,0,0,1
521,0,0,1,883.5,0,0,0,44199.56,0,0,329.5,0,1926.5,0,2086.5,0,1,0,1
522,0,0,1,2119.5,0,0,1,55248.48,0,0,329.5,0,994.5,1,1170.5,0,0,0,1
527,0,0,0,883.5,1,0,0,42594.56,0,0,329.5,0,994.5,0,284.5,1,0,1,1
529,0,0,0,1619.5,0,1,0,42324.92,0,0,2084.5,0,994.5,1,1170.5,1,0,0,1
530,0,0,0,2119.5,0,0,0,45033.44,0,1,329.5,0,994.5,0,284.5,1,0,1,1
531,0,0,1,2119.5,0,0,0,41115.08,0,0,1521.5,0,1926.5,0,284.5,1,0,0,1
533,0,0,0,883.5,0,1,0,42650.8,0,0,2084.5,0,994.5,0,2086.5,0,0,1,1
535,0,1,0,2119.5,0,0,0,45120.84,0,0,2084.5,0,1926.5,0,284.5,1,0,1,1
537,0,0,0,2119.5,0,1,0,37977.52,0,0,1521.5,0,994.5,1,1170.5,1,0,1,1
540,0,1,1,1619.5,1,0,0,31937.48,0,0,329.5,0,1926.5,0,2086.5,0,0,1,1
541,0,0,0,2119.5,1,0,0,46498.08,0,1,329.5,0,1926.5,0,284.5,0,0,1,1
544,0,0,0,1619.5,0,0,0,41593.56,0,1,2084.5,0,1926.5,1,1170.5,0,0,0,1
545,0,0,0,189.5,0,0,1,50230.48,0,0,329.5,1,268.5,0,2086.5,0,0,1,1
546,0,0,1,189.5,0,0,1,32645.12,1,0,1521.5,1,268.5,0,2086.5,1,0,0,1
547,0,0,1,883.5,0,1,0,45910.52,0,0,329.5,0,1926.5,0,2086.5,1,0,0,1
548,0,1,1,1619.5,0,0,0,44778.48,0,0,329.5,1,268.5,1,1170.5,0,0,1,1
549,0,0,0,2119.5,0,1,0,47306.08,0,0,966.5,1,268.5,1,1170.5,0,1,0,1
550,0,0,0,883.5,0,0,0,34455.96,1,0,966.5,0,994.5,0,2086.5,1,0,1,1
553,0,0,0,1619.5,0,0,0,46082.64,0,0,329.5,1,268.5,0,2086.5,1,0,1,1
554,0,0,0,2119.5,0,0,0,52011.2,0,0,329.5,1,268.5,0,2086.5,0,0,0,1
555,0,0,0,2119.5,0,0,0,42566.04,1,0,329.5,0,1926.5,0,284.5,1,0,1,1
557,0,0,1,883.5,0,1,0,40745.4,0,0,966.5,0,994.5,0,2086.5,0,0,0,1
558,0,0,0,2119.5,0,0,1,50586.72,0,1,329.5,0,1926.5,0,2086.5,0,0,0,2
559,0,0,0,2119.5,0,0,0,37006.28,0,1,329.5,0,994.5,0,2086.5,1,0,0,1
560,0,0,0,2119.5,0,0,0,46792.4,0,0,966.5,0,994.5,0,284.5,0,1,1,1
561,0,1,1,1619.5,0,0,0,39704.64,1,0,329.5,0,994.5,0,2086.5,0,0,0,1
562,0,0,0,2119.5,0,1,0,41401.76,0,0,1521.5,0,1926.5,0,2086.5,1,0,0,1
563,0,0,1,883.5,1,0,0,36400.32,0,0,2084.5,0,994.5,0,2086.5,1,0,1,1
564,0,0,0,883.5,0,1,0,51707.04,0,0,1521.5,0,994.5,1,1170.5,0,0,1,1
565,0,0,0,1619.5,0,0,0,38049.56,1,0,966.5,0,1926.5,0,2086.5,1,0,0,1
566,0,0,1,883.5,1,0,0,48259.64,0,0,966.5,0,994.5,0,2086.5,0,0,0,1
567,0,0,0,2119.5,0,1,0,39233.24,0,0,966.5,1,268.5,1,1170.5,0,0,1,1
568,0,0,0,2119.5,0,1,0,46442.48,0,0,329.5,0,994.5,0,284.5,0,0,0,1
569,0,1,1,1619.5,1,0,0,29379,0,1,329.5,0,1926.5,1,1170.5,1,0,0,1
570,0,0,0,2119.5,0,0,0,42248.8,0,0,1521.5,0,1926.5,0,2086.5,0,0,1,1
571,0,1,0,2119.5,1,0,0,30757.96,1,0,329.5,0,1926.5,0,2086.5,1,0,1,2
573,0,1,0,2119.5,0,0,0,32577.44,0,0,1521.5,0,1926.5,1,1170.5,1,0,0,1
574,0,0,0,2119.5,0,1,0,51763.68,0,0,966.5,0,994.5,0,2086.5,0,0,1,1
575,0,0,0,189.5,0,0,1,41049.56,1,0,1521.5,0,994.5,1,1170.5,1,0,0,1
577,0,0,0,2119.5,0,0,0,44279.16,0,1,966.5,0,994.5,1,1170.5,1,0,1,1
578,0,0,0,1619.5,0,0,0,45990.6,0,0,1521.5,0,994.5,1,1170.5,1,0,1,1
582,0,0,1,883.5,0,0,0,38110.84,0,0,329.5,0,1926.5,0,284.5,0,0,0,1
583,0,0,1,1619.5,0,0,0,32043.32,0,0,1521.5,0,994.5,1,1170.5,0,0,0,1
586,0,0,1,883.5,0,1,0,38598.8,0,0,329.5,0,1926.5,0,284.5,1,0,0,1
588,0,1,0,189.5,0,0,1,36676.12,1,0,329.5,0,1926.5,0,284.5,0,1,0,1
590,0,0,0,189.5,0,0,1,42473.96,0,0,329.5,0,1926.5,0,284.5,1,0,1,1
592,0,0,0,1619.5,0,0,0,45651.32,1,0,329.5,0,1926.5,0,284.5,0,0,1,1
593,0,0,1,883.5,0,0,0,36512.64,0,0,1521.5,0,1926.5,0,2086.5,0,0,0,1
595,0,0,0,883.5,1,0,0,34238.12,0,0,966.5,0,1926.5,0,2086.5,1,0,1,1
597,0,1,0,1619.5,0,0,0,40831.44,1,0,1521.5,0,994.5,1,1170.5,1,0,0,1
598,0,0,1,1619.5,0,1,0,31605.4,0,0,1521.5,0,994.5,1,1170.5,0,0,0,1
599,0,1,1,883.5,0,1,0,39515.48,0,0,329.5,0,1926.5,0,2086.5,1,0,0,1
600,0,0,1,1619.5,1,0,0,50083.76,1,0,329.5,1,268.5,0,2086.5,0,0,0,1
601,1,0,0,883.5,1,0,0,13554.72,1,0,2084.5,0,994.5,1,1170.5,1,0,0,1
602,1,0,0,883.5,0,0,1,17344.98,1,0,2084.5,0,994.5,0,284.5,1,0,1,1
603,1,0,0,883.5,0,0,1,15936.2,1,0,1521.5,0,994.5,1,1170.5,1,0,1,1
604,1,0,0,883.5,0,0,1,15924.84,0,1,2084.5,0,1926.5,1,1170.5,1,0,0,1
606,1,0,0,883.5,0,0,1,14215.88,1,0,966.5,0,994.5,1,1170.5,0,0,1,1
607,1,0,1,189.5,0,0,1,13350.22,0,0,966.5,0,994.5,0,284.5,1,0,0,1
608,1,0,0,883.5,0,0,0,17590.02,0,0,329.5,0,994.5,1,1170.5,0,0,0,1
609,1,0,0,883.5,0,0,0,15136.06,1,0,2084.5,1,268.5,1,1170.5,0,1,0,2
610,1,0,0,883.5,0,0,0,17036.82,0,0,2084.5,0,994.5,1,1170.5,0,1,0,1
611,1,0,1,883.5,0,0,0,17280.6,1,0,966.5,0,994.5,1,1170.5,1,0,0,1
612,1,0,1,1619.5,0,0,0,15845.02,1,0,2084.5,0,1926.5,1,1170.5,0,0,1,1
614,1,1,0,883.5,1,0,0,15453.6,0,0,2084.5,0,994.5,0,284.5,0,0,1,4
617,1,0,0,883.5,0,0,0,15306.96,1,0,2084.5,0,994.5,1,1170.5,0,0,1,1
618,1,0,1,883.5,0,0,0,16828.8,1,0,966.5,0,994.5,0,284.5,1,0,1,1
620,1,0,0,189.5,0,0,1,13803.4,1,0,2084.5,0,994.5,1,1170.5,0,1,1,1
621,1,0,0,883.5,0,0,0,18457,0,0,2084.5,0,994.5,1,1170.5,0,0,0,2
622,1,0,0,883.5,0,0,1,14771.52,0,0,2084.5,1,268.5,1,1170.5,1,0,0,1
623,1,1,0,883.5,0,0,0,13709.1,1,0,2084.5,1,268.5,1,1170.5,0,0,1,1
624,1,0,1,883.5,0,0,0,15754.56,1,0,1521.5,0,994.5,0,2086.5,0,1,0,2
625,1,0,1,883.5,0,0,1,18176.4,0,0,2084.5,0,994.5,1,1170.5,1,0,1,1
627,1,1,0,189.5,0,0,1,10900.38,0,1,966.5,1,268.5,0,284.5,0,1,1,1
628,1,0,0,189.5,0,0,1,18795.04,0,1,2084.5,1,268.5,0,284.5,1,0,0,1
632,1,0,1,883.5,0,0,0,18998.52,1,0,2084.5,1,268.5,1,1170.5,0,1,0,3
633,1,0,0,883.5,0,0,0,16742.7,0,0,966.5,0,994.5,1,1170.5,0,0,0,2
634,1,0,0,883.5,0,1,0,15032.1,0,0,966.5,0,994.5,1,1170.5,0,0,1,1
636,1,0,0,883.5,1,0,0,16857.64,0,1,966.5,0,1926.5,1,1170.5,1,0,0,1
637,1,0,0,883.5,0,0,1,16683.76,1,0,2084.5,0,994.5,1,1170.5,0,0,0,3
638,1,0,0,883.5,1,0,0,13268.3,1,0,329.5,0,1926.5,1,1170.5,1,0,0,1
639,1,0,1,883.5,0,0,0,15564.14,1,0,1521.5,0,1926.5,1,1170.5,0,0,1,1
640,1,1,0,883.5,0,0,0,13889.48,0,1,1521.5,0,1926.5,1,1170.5,1,0,0,1
641,1,1,0,2119.5,0,0,0,14866.74,1,0,2084.5,1,268.5,1,1170.5,1,0,1,1
642,1,0,0,883.5,0,0,0,16179.42,1,0,329.5,0,994.5,1,1170.5,0,1,0,1
648,1,0,0,883.5,1,0,0,16994.9,0,0,966.5,0,994.5,0,2086.5,1,0,1,1
649,1,1,0,883.5,0,0,0,17108.28,0,0,1521.5,0,1926.5,1,1170.5,1,0,0,1
650,1,0,0,189.5,0,0,1,13943.32,1,0,2084.5,0,1926.5,1,1170.5,1,0,0,1
651,1,0,0,883.5,0,0,1,18326.58,0,0,329.5,0,994.5,0,2086.5,0,0,1,1
652,1,0,0,883.5,1,0,0,17467.68,0,0,1521.5,0,1926.5,1,1170.5,0,1,1,1
653,1,0,0,883.5,0,0,0,16530.04,0,0,2084.5,0,994.5,0,2086.5,1,0,1,1
655,1,0,0,189.5,0,0,1,16365.14,0,1,1521.5,0,994.5,1,1170.5,0,1,1,1
656,1,0,1,883.5,0,0,0,16184.32,0,0,966.5,1,268.5,1,1170.5,0,0,0,3
657,1,0,0,883.5,0,0,0,13923.34,0,0,329.5,1,268.5,1,1170.5,0,0,1,1
658,1,1,1,883.5,0,0,0,15972.86,1,0,2084.5,0,994.5,0,284.5,0,0,1,1
659,1,1,0,1619.5,0,0,1,15801.28,0,0,2084.5,0,1926.5,0,284.5,0,0,0,1
661,1,1,1,189.5,0,0,1,12574.34,0,0,2084.5,0,994.5,1,1170.5,0,0,0,1
663,1,1,0,2394.5,0,0,0,16728.06,0,0,2084.5,0,994.5,1,1170.5,0,0,1,3
664,1,0,0,883.5,0,0,0,15412.44,1,0,1521.5,0,1926.5,1,1170.5,0,0,1,1
665,1,0,0,189.5,0,0,1,10295.66,0,1,2084.5,0,994.5,1,1170.5,0,0,0,1
666,1,0,0,883.5,0,0,1,16523.5,0,1,966.5,1,268.5,1,1170.5,1,0,0,3
667,1,1,0,1619.5,0,0,1,16021.28,1,0,1521.5,0,1926.5,1,1170.5,1,0,1,1
670,1,0,0,883.5,0,0,0,16855.98,0,0,2084.5,1,268.5,1,1170.5,0,0,1,1
673,1,0,1,189.5,0,0,1,14609.6,1,0,966.5,1,268.5,0,2086.5,0,0,1,1
674,1,1,0,883.5,0,0,0,13430.9,1,0,2084.5,1,268.5,1,1170.5,0,0,0,1
675,1,1,0,883.5,0,0,0,15486.76,0,0,966.5,1,268.5,0,2086.5,0,1,0,4
676,1,0,0,883.5,0,0,0,14622.76,0,0,966.5,0,1926.5,1,1170.5,0,1,0,1
677,1,0,0,883.5,0,0,0,14726.58,1,0,2084.5,1,268.5,1,1170.5,0,0,1,1
678,1,0,0,883.5,0,0,0,14249.64,1,0,2084.5,1,268.5,1,1170.5,0,1,1,1
680,1,0,0,2119.5,0,0,0,18983.02,1,0,966.5,0,1926.5,1,1170.5,1,0,1,1
681,1,0,1,189.5,0,0,1,12258.4,1,0,329.5,0,1926.5,1,1170.5,1,0,0,3
683,1,0,0,883.5,0,0,0,13352.78,1,0,2084.5,0,994.5,0,2086.5,1,0,1,4
685,1,0,1,2119.5,0,0,0,15968.26,0,0,966.5,1,268.5,0,284.5,0,1,1,1
686,1,0,0,2119.5,0,1,0,13905.1,1,0,2084.5,0,994.5,1,1170.5,0,0,0,1
687,1,0,0,883.5,0,0,1,14376.76,0,0,2084.5,1,268.5,0,2086.5,1,0,1,1
691,1,0,0,2119.5,0,1,0,16694,1,0,966.5,0,994.5,1,1170.5,1,0,0,1
692,1,0,0,883.5,0,0,0,15949.9,0,0,966.5,1,268.5,0,2086.5,1,0,0,1
693,1,0,1,883.5,0,0,1,16127.16,1,0,2084.5,1,268.5,1,1170.5,1,0,1,2
696,1,1,0,883.5,0,0,0,13619.96,1,0,2084.5,0,994.5,1,1170.5,1,0,1,1
697,1,0,1,1619.5,0,0,0,15825.18,0,1,2084.5,1,268.5,0,284.5,0,1,0,1
698,1,1,1,1619.5,0,0,0,14718.82,0,0,966.5,0,994.5,1,1170.5,0,1,0,1
700,1,0,0,883.5,0,0,0,15689.48,0,0,2084.5,0,994.5,1,1170.5,0,1,0,1
702,1,0,0,883.5,0,0,1,14407.68,0,0,329.5,0,1926.5,1,1170.5,1,0,0,1
706,1,0,0,1619.5,0,1,0,13847.92,0,0,2084.5,0,994.5,1,1170.5,0,1,0,1
710,1,0,0,2119.5,0,0,0,13053.22,1,0,1521.5,1,268.5,1,1170.5,0,0,0,1
711,1,0,0,883.5,0,0,0,16879.42,0,0,1521.5,1,268.5,0,284.5,0,0,1,1
715,1,0,1,1619.5,0,0,0,17563.36,1,0,1521.5,1,268.5,0,2086.5,0,0,1,2
716,1,0,1,2119.5,1,0,0,16542.54,0,0,966.5,0,1926.5,1,1170.5,0,0,1,1
717,1,0,0,189.5,0,0,1,16382,1,0,2084.5,1,268.5,1,1170.5,1,0,1,1
718,1,0,0,1619.5,1,0,0,15159.64,1,0,329.5,0,994.5,1,1170.5,1,0,0,1
720,1,0,0,883.5,0,0,0,18850.38,1,0,2084.5,0,1926.5,1,1170.5,0,1,1,1
721,1,0,0,2119.5,0,0,1,14922.56,0,0,329.5,1,268.5,0,284.5,0,0,0,1
722,1,1,1,189.5,0,0,1,12383.28,1,0,2084.5,0,1926.5,1,1170.5,0,1,0,1
724,1,0,0,1619.5,0,0,1,14064.3,1,0,329.5,1,268.5,0,284.5,0,1,1,1
726,1,0,1,883.5,0,0,0,19313.76,0,0,1521.5,1,268.5,1,1170.5,0,0,1,4
727,1,0,1,1619.5,0,0,1,15283.84,1,0,2084.5,0,1926.5,1,1170.5,0,1,1,1
728,1,0,1,1619.5,0,0,0,18928.24,0,0,2084.5,1,268.5,1,1170.5,0,0,1,1
729,1,0,1,189.5,0,0,1,14105.74,1,0,2084.5,0,994.5,1,1170.5,1,0,1,1
732,1,1,0,883.5,0,0,0,15452.32,1,0,2084.5,0,994.5,1,1170.5,0,0,1,1
736,1,0,0,189.5,0,0,1,14699.48,1,0,1521.5,0,994.5,1,1170.5,0,1,1,4
738,1,0,0,1619.5,0,0,1,15813.74,0,0,1521.5,0,1926.5,1,1170.5,1,0,1,1
739,1,0,0,189.5,0,0,1,11686.44,1,0,966.5,0,994.5,0,284.5,1,0,1,1
740,1,1,0,189.5,0,0,1,14070,1,0,2084.5,0,994.5,1,1170.5,0,0,1,1
741,1,1,0,2119.5,0,0,1,13859.22,0,0,1521.5,0,994.5,0,284.5,0,1,0,1
744,1,0,0,883.5,0,0,0,15936.34,1,0,966.5,0,994.5,1,1170.5,1,0,0,1
745,1,0,0,189.5,0,0,1,13818.8,0,0,1521.5,0,994.5,0,2086.5,0,0,1,1
749,1,0,0,883.5,0,0,0,16108.74,0,0,2084.5,0,994.5,0,2086.5,0,0,0,3
750,1,0,0,883.5,0,0,1,14344.78,1,0,966.5,1,268.5,0,2086.5,0,1,0,1
752,1,1,1,189.5,0,0,1,13010.58,1,0,966.5,0,994.5,0,284.5,0,1,0,1
753,1,1,1,189.5,0,0,1,10777.12,0,1,2084.5,0,1926.5,1,1170.5,1,0,1,1
754,1,1,1,883.5,0,0,0,13076.52,1,0,2084.5,0,994.5,1,1170.5,1,0,0,1
756,1,1,0,1619.5,0,0,0,14427.16,0,1,1521.5,0,994.5,1,1170.5,0,1,1,1
757,1,0,0,883.5,0,0,0,18679.86,1,0,2084.5,0,994.5,1,1170.5,1,0,1,1
758,1,1,0,1619.5,0,0,0,15283.24,1,0,2084.5,0,994.5,1,1170.5,1,0,0,5
760,1,0,0,883.5,1,0,0,13264.44,1,0,1521.5,0,1926.5,1,1170.5,1,0,1,2
762,1,0,1,883.5,0,0,0,18650.62,1,0,966.5,0,1926.5,0,2086.5,1,0,0,1
763,1,0,1,883.5,0,0,1,13550.5,0,0,966.5,0,1926.5,1,1170.5,1,0,0,1
764,1,0,0,189.5,0,0,1,16090.6,0,1,966.5,1,268.5,0,284.5,0,0,1,1
768,1,0,0,883.5,0,0,1,16563.56,1,0,966.5,1,268.5,1,1170.5,1,0,0,2
769,1,0,1,883.5,0,0,0,15914.12,0,0,966.5,0,994.5,1,1170.5,0,0,1,1
770,1,0,0,1619.5,0,0,0,14758.8,1,0,966.5,0,994.5,1,1170.5,0,0,0,1
771,1,0,0,883.5,0,0,0,13800.16,1,0,329.5,1,268.5,0,2086.5,0,1,0,1
774,1,0,0,1619.5,0,0,0,16282.82,0,0,1521.5,0,994.5,1,1170.5,0,1,1,1
775,1,0,0,1619.5,0,0,0,15855.86,1,0,2084.5,0,1926.5,1,1170.5,0,0,0,1
776,1,0,1,2119.5,0,0,0,15536.3,0,0,1521.5,1,268.5,1,1170.5,0,1,1,1
777,1,0,1,2119.5,0,0,0,14786.48,1,0,966.5,0,994.5,1,1170.5,0,1,1,1
779,1,0,0,883.5,0,0,1,18829.68,1,0,2084.5,0,1926.5,1,1170.5,1,0,1,1
781,1,0,1,1619.5,0,0,0,19774.48,0,0,966.5,0,1926.5,1,1170.5,0,1,1,1
782,1,1,0,883.5,0,0,0,13995.82,0,0,2084.5,0,994.5,1,1170.5,0,0,1,1
785,1,0,1,2119.5,0,0,0,12980.52,0,1,1521.5,0,994.5,1,1170.5,1,0,0,1
786,1,0,0,883.5,0,0,0,18220.98,0,1,329.5,0,994.5,1,1170.5,1,0,1,2
787,1,0,0,883.5,0,0,0,15943.08,1,0,1521.5,1,268.5,1,1170.5,1,0,1,1
788,1,0,0,883.5,0,0,1,20576.14,0,0,966.5,1,268.5,0,2086.5,1,0,0,1
790,1,1,1,883.5,0,0,0,15923.56,0,0,329.5,0,994.5,1,1170.5,1,0,1,1
791,1,0,1,189.5,0,0,1,16957.94,1,0,2084.5,0,1926.5,1,1170.5,0,1,0,1
793,1,0,0,883.5,0,0,1,15003.18,1,0,966.5,0,1926.5,1,1170.5,1,0,1,1
795,1,1,0,883.5,0,0,0,15480.64,1,0,1521.5,0,994.5,1,1170.5,1,0,1,1
796,1,0,0,189.5,0,0,1,13502.28,1,0,2084.5,0,994.5,1,1170.5,0,1,1,1
797,1,1,0,1619.5,0,1,0,16805.92,0,0,966.5,0,994.5,0,284.5,0,0,0,1
798,1,0,0,883.5,0,0,0,17435.12,1,0,329.5,0,1926.5,0,284.5,0,1,1,1
799,1,0,0,189.5,0,0,1,12760.94,0,0,1521.5,0,1926.5,1,1170.5,0,1,1,1
800,1,0,0,2119.5,0,0,0,18611.48,1,0,329.5,1,268.5,1,1170.5,0,0,0,1
801,0,0,1,1619.5,0,0,0,49628.28,0,0,329.5,0,994.5,0,284.5,0,0,1,1
803,0,0,0,2119.5,0,0,0,47247.12,0,0,966.5,0,994.5,1,1170.5,0,0,1,1
804,0,0,1,883.5,0,0,0,31243.84,0,0,329.5,0,1926.5,1,1170.5,1,0,1,1
806,0,0,0,2119.5,1,0,0,37225.88,0,1,966.5,0,1926.5,0,284.5,0,0,0,1
807,0,0,0,1619.5,0,1,0,34028.64,1,0,329.5,0,1926.5,1,1170.5,0,0,1,1
808,0,0,1,883.5,0,1,0,46397.4,0,0,329.5,1,268.5,0,2086.5,1,0,1,1
809,0,0,1,2119.5,0,0,0,49986,0,0,329.5,0,1926.5,0,2086.5,0,0,0,1
811,0,0,1,1619.5,0,0,0,33681.6,1,0,2084.5,1,268.5,0,2086.5,1,0,1,2
812,0,0,0,1619.5,1,0,0,58751.68,0,0,1521.5,0,1926.5,0,2086.5,0,0,1,1
813,0,0,0,1619.5,1,0,0,53718.16,0,0,1521.5,0,1926.5,0,2086.5,1,0,0,1
814,0,0,1,883.5,1,0,0,39676.52,0,0,1521.5,0,1926.5,0,2086.5,1,0,0,1
815,0,0,0,883.5,0,0,0,49123.28,0,0,2084.5,1,268.5,0,284.5,0,0,1,1
817,0,0,0,883.5,1,0,0,45401.28,0,0,966.5,0,1926.5,1,1170.5,0,0,0,2
820,0,0,0,2119.5,0,0,0,29779.76,0,0,329.5,1,268.5,0,2086.5,0,0,1,1
821,0,0,0,883.5,0,0,0,43317.32,0,0,329.5,0,1926.5,1,1170.5,0,0,0,1
824,0,0,0,2119.5,0,1,0,32844.84,0,0,1521.5,0,1926.5,0,284.5,1,0,0,1
825,0,0,0,189.5,0,0,1,30088.52,1,0,329.5,0,1926.5,0,2086.5,1,0,0,1
826,0,0,0,1619.5,0,0,0,47733.52,1,0,1521.5,0,994.5,0,2086.5,0,0,1,1
829,0,0,0,883.5,0,0,0,44373.96,0,0,966.5,0,1926.5,0,284.5,1,0,0,1
830,0,0,0,2119.5,0,0,0,44767.8,0,0,966.5,0,1926.5,0,284.5,1,0,1,1
831,0,0,0,2119.5,0,0,0,41848.52,1,0,966.5,0,994.5,1,1170.5,1,0,1,1
834,0,0,0,2119.5,0,1,0,38569.36,0,0,329.5,1,268.5,1,1170.5,0,0,0,1
836,0,1,1,2119.5,0,0,1,37329.28,0,0,966.5,0,994.5,0,2086.5,1,0,1,1
837,0,0,1,2119.5,0,0,0,45996.16,0,1,329.5,0,994.5,1,1170.5,0,0,0,1
838,0,0,1,2119.5,0,0,0,39653.76,1,0,1521.5,0,994.5,0,2086.5,1,0,0,1
840,0,0,1,2119.5,0,0,1,32709.12,0,0,966.5,0,994.5,0,2086.5,1,0,1,1
841,0,0,0,883.5,0,1,0,51576.88,0,0,1521.5,0,994.5,0,284.5,0,0,0,1
842,0,1,0,883.5,0,1,0,46009.72,0,1,329.5,0,994.5,0,2086.5,1,0,1,2
843,0,0,0,2119.5,1,0,0,39857.04,1,0,2084.5,0,994.5,1,1170.5,0,1,1,1
844,0,0,0,1619.5,0,1,0,34995.32,0,0,329.5,0,994.5,1,1170.5,0,1,1,1
845,0,0,0,2119.5,0,0,0,46842,0,0,1521.5,0,1926.5,0,284.5,0,0,0,1
846,0,0,1,1619.5,0,0,0,40424.32,0,0,329.5,1,268.5,0,2086.5,1,0,1,1
850,0,0,0,1619.5,0,1,0,41551.32,0,0,966.5,0,994.5,1,1170.5,1,0,0,1
851,0,0,1,2119.5,0,1,0,46303.4,0,0,2084.5,0,994.5,1,1170.5,0,0,0,1
852,0,0,0,2119.5,1,0,0,49583.48,1,0,1521.5,0,994.5,0,2086.5,0,0,1,1
853,0,0,0,2119.5,0,0,0,52716.72,0,0,1521.5,0,1926.5,0,2086.5,1,0,1,1
855,0,0,0,883.5,0,0,0,37471.24,0,0,2084.5,0,994.5,0,284.5,1,0,1,1
856,0,0,1,1619.5,0,1,0,40609.08,0,0,329.5,0,994.5,1,1170.5,0,0,0,1
858,0,0,0,1619.5,1,0,0,49818.36,0,0,329.5,0,1926.5,0,284.5,0,0,0,1
859,0,0,0,883.5,0,0,0,38016.48,0,1,2084.5,0,994.5,1,1170.5,0,0,0,1
861,0,0,0,1619.5,0,0,0,41259.92,0,0,2084.5,1,268.5,1,1170.5,1,0,1,1
862,0,0,0,189.5,0,0,1,33312.76,0,0,329.5,1,268.5,0,2086.5,1,0,1,1
863,0,0,0,2119.5,1,0,0,41850.6,0,0,329.5,1,268.5,0,2086.5,0,0,0,1
866,0,0,0,1619.5,0,0,1,37932.32,0,0,1521.5,0,1926.5,1,1170.5,0,0,1,1
867,0,0,0,2119.5,0,0,0,43041.56,0,0,329.5,0,1926.5,0,2086.5,1,0,1,1
869,0,0,0,883.5,0,0,0,39573.68,1,0,966.5,0,994.5,0,2086.5,1,0,1,1
870,0,1,0,1619.5,0,0,0,30998.24,0,0,329.5,1,268.5,0,2086.5,0,0,1,1
871,0,0,0,883.5,0,0,0,39670.68,1,0,329.5,0,1926.5,0,284.5,1,0,0,1
872,0,0,0,883.5,0,0,0,43594.32,1,0,329.5,0,994.5,0,2086.5,0,0,0,1
873,0,0,0,883.5,0,0,0,48262.56,0,0,966.5,0,1926.5,0,2086.5,0,1,0,1
874,0,0,1,2119.5,0,0,0,34880.8,1,0,966.5,0,994.5,0,2086.5,0,0,0,3
875,0,0,0,883.5,0,0,0,48112.92,0,0,2084.5,0,1926.5,0,2086.5,1,0,0,1
876,0,1,0,883.5,0,1,0,39751.88,0,0,2084.5,0,1926.5,0,284.5,1,0,1,1
877,0,0,0,883.5,0,1,0,47887.84,0,0,329.5,0,1926.5,1,1170.5,1,0,1,1
882,0,0,0,2119.5,0,1,0,44860.64,1,0,2084.5,0,994.5,0,2086.5,1,0,1,1
883,0,0,0,2119.5,0,1,0,32955.84,0,0,1521.5,0,1926.5,1,1170.5,0,0,1,1
884,0,0,0,1619.5,1,0,0,38878.96,0,0,1521.5,0,1926.5,0,284.5,1,0,0,1
886,0,1,0,2119.5,0,0,0,43262.84,0,0,329.5,0,1926.5,1,1170.5,0,0,0,1
887,0,0,0,2119.5,0,1,0,32736.2,0,0,966.5,0,1926.5,1,1170.5,0,0,1,1
890,0,1,0,2119.5,0,1,0,35370.44,1,0,1521.5,0,994.5,0,2086.5,0,0,1,1
891,0,0,0,883.5,0,0,0,52980.24,0,0,1521.5,0,994.5,0,2086.5,1,0,1,1
892,0,1,1,1619.5,0,0,0,33542.8,0,1,329.5,0,1926.5,0,2086.5,1,0,1,1
893,0,0,0,2119.5,0,0,1,32476.28,1,0,966.5,0,1926.5,0,284.5,1,0,0,1
894,0,0,0,1619.5,0,1,0,39616.48,0,0,966.5,0,994.5,0,2086.5,0,0,0,1
896,0,0,0,2119.5,0,1,0,37839.04,0,0,329.5,1,268.5,0,2086.5,0,0,0,1
899,0,0,0,883.5,0,0,0,41903.24,0,0,329.5,0,1926.5,1,1170.5,1,0,1,2
901,0,0,0,2119.5,0,0,0,38645.52,0,0,329.5,0,994.5,0,284.5,0,0,0,1
902,0,1,1,1619.5,0,0,0,41488.48,0,0,1521.5,1,268.5,0,284.5,0,0,1,1
903,0,0,0,883.5,0,0,0,42134.12,1,0,966.5,1,268.5,0,2086.5,0,0,1,1
904,0,0,0,1619.5,0,0,0,31699.56,1,0,966.5,0,994.5,0,2086.5,1,0,0,1
905,0,0,0,2119.5,0,0,0,33270.2,0,1,1521.5,0,1926.5,0,2086.5,1,0,1,1
906,0,0,1,189.5,0,0,1,43535,0,0,1521.5,0,1926.5,1,1170.5,1,0,0,1
909,0,0,0,883.5,0,0,0,52316.88,0,0,1521.5,0,994.5,0,2086.5,0,0,1,2
910,0,1,0,1619.5,0,1,0,33806.6,0,0,2084.5,0,1926.5,0,2086.5,0,0,0,1
912,0,0,0,189.5,0,0,1,39733.16,0,0,329.5,0,1926.5,0,2086.5,1,0,1,1
913,0,0,0,189.5,0,0,1,29564.44,0,0,2084.5,0,1926.5,0,284.5,0,0,1,1
914,0,0,1,189.5,0,0,1,35513.84,0,0,329.5,0,1926.5,1,1170.5,1,0,1,1
915,0,0,0,1619.5,0,1,0,40808.76,0,0,1521.5,0,994.5,0,2086.5,0,0,0,2
916,0,1,1,883.5,0,0,0,32494.24,1,0,2084.5,0,1926.5,0,2086.5,0,0,1,3
917,0,1,0,2119.5,0,0,0,38022.44,0,0,329.5,0,1926.5,0,2086.5,1,0,1,1
918,0,0,0,883.5,1,0,0,40702,0,0,2084.5,0,1926.5,1,1170.5,1,0,1,1
919,0,0,0,2119.5,0,0,0,42377.96,0,0,966.5,0,1926.5,0,284.5,0,0,0,1
920,0,0,1,883.5,0,1,0,44542.04,0,0,1521.5,0,994.5,0,284.5,1,0,1,1
921,0,0,1,883.5,0,0,0,38324.36,0,0,966.5,0,1926.5,0,284.5,1,0,0,1
922,0,0,0,883.5,0,0,0,50014.16,0,0,2084.5,0,1926.5,0,284.5,0,0,1,1
923,0,0,0,2119.5,0,0,1,44827.04,0,0,329.5,1,268.5,0,284.5,1,0,0,1
924,0,1,1,2119.5,0,0,0,39221.96,0,0,329.5,0,994.5,0,2086.5,0,0,1,1
926,0,0,0,883.5,0,0,0,53078.48,1,0,966.5,0,1926.5,1,1170.5,0,1,1,1
928,0,0,0,883.5,0,1,0,54258.96,0,0,329.5,0,994.5,0,2086.5,1,0,1,1
929,0,0,1,2119.5,0,1,0,50855.44,1,0,1521.5,0,1926.5,0,2086.5,1,0,0,1
932,0,0,0,2119.5,0,0,0,60834.68,1,0,2084.5,0,1926.5,1,1170.5,1,0,0,1
933,0,0,0,2119.5,0,0,0,40541,0,1,329.5,0,1926.5,0,284.5,0,0,0,1
934,0,0,1,1619.5,0,1,0,53716.08,0,0,1521.5,0,994.5,1,1170.5,1,0,1,1
938,0,0,0,883.5,1,0,0,36389.2,0,0,329.5,0,1926.5,1,1170.5,1,0,1,3
939,0,0,0,2119.5,0,1,0,42357.36,0,0,329.5,0,1926.5,0,2086.5,0,0,1,1
940,0,0,0,189.5,0,0,1,43936.76,0,0,329.5,0,994.5,0,2086.5,0,0,0,1
943,0,1,0,1619.5,1,0,0,34530.2,0,0,2084.5,0,1926.5,1,1170.5,0,0,1,1
944,0,1,0,883.5,1,0,0,37683.92,0,0,329.5,0,1926.5,1,1170.5,0,0,0,2
947,0,1,0,1619.5,0,0,0,41636.2,1,0,1521.5,0,1926.5,0,2086.5,0,0,1,2
950,0,0,0,2119.5,0,1,0,40663.36,0,0,329.5,0,1926.5,0,2086.5,1,0,0,1
953,0,0,0,1619.5,0,1,0,37213.36,0,0,2084.5,0,994.5,1,1170.5,0,0,1,1
955,0,0,0,2119.5,0,0,0,35081,0,0,966.5,0,1926.5,0,284.5,0,0,1,1
956,0,0,0,2119.5,1,0,0,49755.76,0,0,329.5,0,994.5,0,2086.5,1,0,0,1
957,0,0,0,1619.5,0,0,0,41623.16,0,0,329.5,0,1926.5,0,2086.5,0,0,0,2
958,0,0,0,883.5,0,0,0,47092.68,1,0,2084.5,0,994.5,1,1170.5,0,0,0,1
959,0,0,0,2119.5,0,0,0,40121.52,0,0,966.5,0,1926.5,0,2086.5,0,0,0,1
961,0,0,0,1619.5,0,0,0,43156.52,0,0,329.5,0,1926.5,1,1170.5,0,0,1,1
962,0,0,0,883.5,0,1,0,44289.8,0,0,966.5,0,1926.5,1,1170.5,1,0,0,1
964,0,0,0,2119.5,1,0,0,44772.64,0,0,2084.5,0,1926.5,0,284.5,0,0,0,1
965,0,1,0,2119.5,1,0,0,38537.68,1,0,1521.5,0,1926.5,0,284.5,1,0,0,1
967,0,1,0,2119.5,1,0,0,34486.56,0,0,329.5,1,268.5,0,2086.5,0,0,1,1
970,0,0,1,883.5,0,1,0,38808.36,0,0,1521.5,0,1926.5,0,2086.5,0,0,1,1
971,0,1,0,883.5,0,1,0,33854.6,0,0,966.5,0,1926.5,0,2086.5,0,0,0,1
972,0,1,0,2119.5,1,0,0,42897,0,0,329.5,0,994.5,0,284.5,1,0,0,1
973,0,0,1,2119.5,0,0,0,38101.76,0,0,1521.5,0,994.5,1,1170.5,1,0,0,1
977,0,0,0,883.5,0,0,0,41990.52,0,0,329.5,0,1926.5,0,284.5,1,0,0,1
978,0,0,0,189.5,0,0,1,37475.6,0,0,1521.5,0,994.5,1,1170.5,0,0,0,1
979,0,0,0,1619.5,0,0,0,33061.8,0,0,966.5,0,1926.5,1,1170.5,0,0,0,1
980,0,0,0,189.5,0,0,1,39429.12,0,0,966.5,0,994.5,0,2086.5,0,0,1,1
981,0,0,0,2119.5,0,0,0,38838.08,0,0,329.5,0,994.5,0,284.5,0,0,0,1
982,0,0,0,883.5,0,1,0,41073.08,0,0,1521.5,0,994.5,0,2086.5,0,0,1,1
983,0,1,1,2119.5,0,0,1,30670.84,0,1,2084.5,0,994.5,1,1170.5,0,0,0,1
985,0,0,0,1619.5,1,0,0,40182.24,0,0,966.5,0,994.5,0,2086.5,1,0,0,1
986,0,0,1,1619.5,0,0,0,52625.6,0,0,329.5,0,1926.5,0,284.5,1,0,1,1
987,0,0,0,2119.5,1,0,0,43855.6,0,0,966.5,0,994.5,1,1170.5,0,0,0,1
988,0,0,0,2119.5,0,0,0,48755.24,0,0,329.5,0,1926.5,1,1170.5,0,0,0,3
989,0,0,0,2119.5,0,1,0,39894.32,0,0,966.5,0,994.5,0,284.5,0,0,0,1
991,0,0,0,2119.5,0,0,0,37803.92,1,0,1521.5,1,268.5,1,1170.5,0,0,1,1
992,0,1,0,883.5,0,0,0,36686.44,0,0,2084.5,0,1926.5,1,1170.5,1,0,1,1
994,0,0,0,1619.5,1,0,0,53951.52,0,0,329.5,0,1926.5,0,2086.5,1,0,1,1
995,0,0,0,883.5,0,0,0,46836.12,1,0,329.5,0,1926.5,0,2086.5,0,0,1,1
996,0,0,0,2119.5,0,0,0,40407.24,1,0,966.5,1,268.5,0,284.5,0,0,1,1
997,0,0,0,1619.5,0,0,0,43196.16,0,0,966.5,0,1926.5,0,2086.5,1,0,0,1
999,0,0,0,189.5,0,0,1,58502.72,0,0,2084.5,0,994.5,1,1170.5,1,0,1,2
1000,0,0,0,2119.5,0,0,0,46221.76,0,0,329.5,0,1926.5,0,2086.5,0,0,0,1
1001,1,1,0,883.5,0,0,0,16112.64,0,1,2084.5,0,1926.5,0,284.5,0,1,0,1
1002,1,0,0,2119.5,0,0,1,17379.78,1,0,2084.5,0,994.5,1,1170.5,1,0,1,5
1004,1,0,0,1619.5,0,0,0,19561.14,1,0,966.5,0,994.5,0,2086.5,0,1,1,1
1007,1,1,1,189.5,0,0,1,12322.58,0,0,966.5,1,268.5,1,1170.5,0,1,1,5
1009,1,0,0,883.5,1,0,0,17322.7,0,0,966.5,0,994.5,1,1170.5,0,0,0,1
1011,1,0,0,189.5,0,0,1,14871.2,0,1,2084.5,1,268.5,1,1170.5,0,1,1,1
1012,1,0,0,189.5,0,0,1,14011.76,1,0,2084.5,1,268.5,1,1170.5,0,0,0,2
1014,1,0,0,2119.5,0,0,1,17237.44,1,0,2084.5,0,1926.5,0,2086.5,0,0,1,1
1016,1,0,0,883.5,1,0,0,16616.04,0,0,1521.5,0,994.5,0,284.5,0,0,0,1
1017,1,0,0,1619.5,0,0,0,17730.32,0,0,2084.5,0,1926.5,1,1170.5,0,1,1,1
1018,1,0,0,883.5,0,0,0,14881.38,0,0,966.5,0,1926.5,0,284.5,1,0,1,1
1019,1,0,1,189.5,0,0,1,12535.08,0,0,966.5,1,268.5,1,1170.5,0,0,0,1
1022,1,0,1,883.5,0,0,0,14178.1,0,0,329.5,0,1926.5,0,284.5,0,0,1,1
1023,1,0,0,189.5,0,0,1,15737.76,1,0,1521.5,0,994.5,1,1170.5,0,0,0,2
1024,1,0,0,883.5,0,1,0,17689.18,0,1,2084.5,0,994.5,0,284.5,1,0,1,1
1025,1,0,0,883.5,1,0,0,16781.68,1,0,2084.5,0,994.5,1,1170.5,0,1,0,1
1026,1,0,1,1619.5,0,0,0,16694.4,1,0,966.5,0,994.5,1,1170.5,1,0,1,1
1028,1,0,1,2119.5,0,0,0,14764.7,1,0,1521.5,0,994.5,0,284.5,0,1,1,1
1030,1,0,1,189.5,0,0,1,16119,0,0,966.5,0,994.5,0,2086.5,1,0,1,1
1032,1,0,0,883.5,0,0,0,14266.4,0,0,966.5,0,994.5,1,1170.5,0,0,1,3
1033,1,0,0,883.5,0,0,0,17964.6,0,1,2084.5,0,1926.5,1,1170.5,0,0,1,1
1035,1,0,1,2394.5,0,0,0,16243.52,1,0,966.5,1,268.5,1,1170.5,1,0,1,5
1036,1,0,1,883.5,0,0,0,16528.04,0,0,1521.5,0,994.5,1,1170.5,1,0,1,1
1039,1,0,1,883.5,0,0,0,18537.44,0,0,966.5,1,268.5,0,2086.5,0,0,0,1
1043,1,1,0,883.5,0,0,0,13913.38,0,1,2084.5,0,994.5,0,2086.5,0,1,0,1
1045,1,1,0,883.5,0,0,0,15533.08,0,0,1521.5,0,994.5,0,284.5,0,1,0,1
1046,1,0,0,883.5,0,0,0,14838.84,1,0,2084.5,0,994.5,0,2086.5,1,0,0,1
1048,1,1,0,883.5,0,0,0,14557.46,0,1,329.5,0,994.5,1,1170.5,0,0,1,1
1049,1,1,1,1619.5,0,0,0,17655.34,0,1,2084.5,0,994.5,1,1170.5,0,0,0,1
1050,1,0,0,883.5,1,0,0,19159.88,0,0,2084.5,1,268.5,1,1170.5,0,1,0,1
1052,1,0,0,189.5,0,0,1,11930.32,1,0,966.5,0,1926.5,1,1170.5,0,0,1,1
1054,1,0,1,1619.5,0,0,1,17792.88,0,1,329.5,0,1926.5,1,1170.5,0,0,0,1
1056,1,0,0,189.5,0,0,1,17315.96,1,0,966.5,0,994.5,0,284.5,0,0,1,1
1057,1,0,0,883.5,0,0,0,18280.28,1,0,2084.5,1,268.5,1,1170.5,0,0,1,1
1058,1,1,0,883.5,0,1,0,15841.84,0,1,966.5,0,994.5,1,1170.5,0,1,1,1
1059,1,1,0,2394.5,0,0,0,18514.94,1,0,966.5,1,268.5,1,1170.5,1,0,0,1
1061,1,0,1,883.5,0,0,0,15839.4,0,1,966.5,1,268.5,1,1170.5,0,0,0,1
1062,1,1,0,189.5,0,0,1,11188.18,0,0,2084.5,0,1926.5,1,1170.5,0,0,1,1
1063,1,0,0,2119.5,0,0,0,15985.42,1,0,966.5,0,994.5,1,1170.5,0,0,1,1
1065,1,0,1,883.5,0,0,0,17569.42,0,0,1521.5,0,1926.5,0,284.5,1,0,0,1
1067,1,1,0,189.5,0,0,1,14086.12,0,1,2084.5,0,994.5,0,284.5,1,0,0,1
1069,1,0,1,883.5,0,0,1,18450.06,1,0,2084.5,1,268.5,1,1170.5,0,1,1,1
1071,1,0,0,883.5,1,0,0,13638.94,1,0,1521.5,0,1926.5,1,1170.5,0,0,1,1
1074,1,0,0,1619.5,0,0,1,15155.4,1,0,1521.5,1,268.5,1,1170.5,0,1,1,1
1075,1,0,0,883.5,0,0,0,14925.72,0,1,966.5,1,268.5,0,284.5,0,1,1,1
1076,1,0,0,189.5,0,0,1,14047.34,0,0,2084.5,0,994.5,1,1170.5,0,0,1,1
1077,1,1,0,883.5,0,0,0,17146.36,1,0,2084.5,0,1926.5,0,284.5,0,1,0,1
1078,1,0,0,189.5,0,0,1,14117.64,0,1,966.5,1,268.5,0,2086.5,1,0,0,1
1079,1,0,0,883.5,1,0,0,20122.6,1,0,1521.5,0,994.5,1,1170.5,1,0,0,1
1081,1,0,0,1619.5,0,0,0,13574.08,0,0,2084.5,0,1926.5,1,1170.5,0,0,1,1
1083,1,0,0,883.5,0,0,0,16350.66,0,1,966.5,1,268.5,1,1170.5,0,0,1,3
1084,1,1,0,883.5,1,0,0,12735.26,1,0,2084.5,0,994.5,1,1170.5,0,0,1,1
1085,1,1,0,883.5,0,1,0,15407.54,0,0,966.5,1,268.5,1,1170.5,1,0,1,1
1086,1,0,0,883.5,0,0,0,16507.58,0,1,2084.5,0,1926.5,0,284.5,0,0,1,1
1088,1,0,1,189.5,0,0,1,12021.04,0,0,2084.5,1,268.5,0,2086.5,0,1,1,1
1089,1,1,0,883.5,0,0,0,15994.54,1,0,2084.5,0,994.5,1,1170.5,0,0,0,1
1090,1,0,0,883.5,0,0,0,14147.86,0,0,1521.5,0,1926.5,1,1170.5,0,1,1,1
1091,1,1,0,1619.5,0,0,0,17060.78,0,0,966.5,1,268.5,1,1170.5,0,1,1,4
1094,1,0,1,883.5,0,0,1,16823.46,1,0,966.5,0,994.5,0,2086.5,1,0,1,1
1096,1,1,0,883.5,0,0,1,14898.92,0,1,2084.5,0,994.5,1,1170.5,0,1,1,1
1098,1,1,0,883.5,0,0,0,14805.4,1,0,966.5,0,994.5,1,1170.5,0,0,0,3
1099,1,0,0,883.5,0,0,1,15474.88,0,0,329.5,0,1926.5,1,1170.5,0,1,1,1
1100,1,0,0,883.5,0,0,0,16960.08,1,0,966.5,0,1926.5,1,1170.5,0,0,1,1
1101,1,1,1,1619.5,0,0,0,16097.36,0,1,1521.5,0,994.5,0,284.5,0,1,0,1
1105,1,0,1,2119.5,0,1,0,16045.32,1,0,1521.5,1,268.5,1,1170.5,0,0,1,1
1111,1,0,1,883.5,0,0,0,17534.22,1,0,966.5,0,994.5,1,1170.5,1,0,1,1
1112,1,0,1,189.5,0,0,1,15965.14,0,0,329.5,0,994.5,1,1170.5,0,1,1,5
1113,1,0,1,1619.5,0,0,0,14938.12,1,0,329.5,0,1926.5,0,2086.5,0,0,1,2
1114,1,0,0,883.5,0,0,0,13229.68,0,1,2084.5,0,994.5,0,284.5,0,1,0,1
1115,1,0,0,2119.5,0,0,0,13842.64,1,0,1521.5,0,994.5,1,1170.5,1,0,1,1
1116,1,1,1,189.5,0,0,1,12271.86,1,0,2084.5,0,994.5,0,284.5,0,0,1,1
1118,1,0,1,1619.5,0,0,0,17941.64,0,0,2084.5,0,1926.5,1,1170.5,0,0,1,1
1119,1,0,1,189.5,0,0,1,15064.4,0,0,966.5,0,1926.5,1,1170.5,0,0,1,1
1120,1,1,0,189.5,0,0,1,11738.24,0,1,2084.5,0,1926.5,1,1170.5,1,0,1,1
1121,1,0,0,883.5,0,0,0,14873.4,1,0,966.5,0,1926.5,0,284.5,1,0,1,1
1122,1,0,0,883.5,0,0,1,16942.98,0,0,2084.5,0,994.5,1,1170.5,0,0,1,1
1123,1,0,0,189.5,0,0,1,12922.24,1,0,1521.5,0,994.5,1,1170.5,1,0,1,1
1126,1,0,1,189.5,0,0,1,12171.9,1,0,1521.5,0,1926.5,0,2086.5,1,0,0,2
1127,1,0,0,883.5,0,0,1,17229.32,1,0,329.5,0,1926.5,1,1170.5,0,0,1,1
1130,1,0,1,883.5,0,0,0,13532.96,0,1,1521.5,1,268.5,1,1170.5,0,0,0,1
1132,1,0,0,883.5,0,0,0,16558.5,1,0,966.5,0,994.5,1,1170.5,1,0,0,1
1134,1,1,0,189.5,0,0,1,12031.04,1,0,329.5,0,994.5,1,1170.5,0,0,0,1
1136,1,0,0,189.5,0,0,1,16350.22,0,0,2084.5,1,268.5,1,1170.5,0,1,0,1
1137,1,0,0,883.5,0,0,1,14437.42,1,0,1521.5,0,994.5,0,284.5,0,0,1,1
1138,1,0,1,883.5,0,0,1,17814.44,0,1,1521.5,0,994.5,0,2086.5,0,0,1,1
1140,1,0,0,883.5,0,0,0,14186.08,0,0,2084.5,0,994.5,1,1170.5,1,0,1,1
1141,1,1,0,883.5,0,0,0,16814.88,0,0,1521.5,1,268.5,1,1170.5,1,0,0,1
1142,1,0,0,883.5,1,0,0,14590.18,0,0,966.5,0,1926.5,1,1170.5,0,0,0,1
1143,1,0,1,189.5,0,0,1,11481.92,1,0,329.5,0,994.5,1,1170.5,0,0,0,1
1145,1,1,0,189.5,0,0,1,14402.96,1,0,1521.5,0,994.5,1,1170.5,1,0,0,3
1146,1,1,0,883.5,0,0,0,15858.18,1,0,2084.5,1,268.5,1,1170.5,1,0,1,3
1147,1,0,0,883.5,0,0,1,17241.52,1,0,966.5,0,994.5,1,1170.5,0,1,0,1
1148,1,1,0,2394.5,0,1,0,16208.98,0,0,966.5,1,268.5,0,284.5,1,0,0,1
1149,1,0,1,883.5,0,0,0,15757.92,0,1,1521.5,1,268.5,1,1170.5,0,0,0,1
1150,1,0,1,1619.5,0,0,0,14679.3,0,1,1521.5,0,994.5,1,1170.5,0,0,0,1
1151,1,1,0,883.5,0,0,0,15896.98,1,0,966.5,1,268.5,1,1170.5,1,0,0,1
1152,1,0,0,189.5,0,0,1,15653.96,0,0,2084.5,0,1926.5,1,1170.5,0,0,0,1
1154,1,0,1,1619.5,0,0,1,16045.66,0,1,329.5,0,1926.5,1,1170.5,1,0,0,2
1155,1,0,0,2119.5,0,0,0,13501.38,1,0,2084.5,1,268.5,0,2086.5,0,1,0,1
1158,1,0,1,2119.5,0,0,0,17675.5,1,0,1521.5,0,994.5,1,1170.5,0,1,1,4
1159,1,0,1,883.5,0,0,0,15633.72,0,0,2084.5,0,994.5,1,1170.5,0,0,1,1
1160,1,1,0,883.5,0,0,0,17067.22,0,0,2084.5,0,994.5,1,1170.5,0,0,1,2
1161,1,0,1,2119.5,0,0,1,15432.26,1,0,2084.5,1,268.5,0,2086.5,1,0,0,1
1162,1,0,0,2119.5,1,0,0,14209.06,0,0,1521.5,0,1926.5,1,1170.5,1,0,0,1
1163,1,0,1,883.5,0,0,0,16030.1,1,0,2084.5,0,1926.5,1,1170.5,1,0,1,1
1164,1,0,0,883.5,0,0,1,17315.64,1,0,2084.5,1,268.5,1,1170.5,0,1,0,1
1166,1,0,0,1619.5,0,0,0,16380.52,1,0,966.5,1,268.5,1,1170.5,1,0,0,1
1167,1,0,0,883.5,0,0,0,12892.54,1,0,1521.5,0,994.5,0,284.5,0,1,0,3
1168,1,0,1,1619.5,0,0,0,16767.24,0,0,2084.5,0,1926.5,1,1170.5,0,0,1,1
1169,1,0,1,883.5,0,0,0,18236.68,1,0,1521.5,0,1926.5,1,1170.5,0,0,1,3
1170,1,0,1,883.5,0,0,0,14606.48,0,0,966.5,0,994.5,0,284.5,0,1,1,1
1171,1,0,0,883.5,0,0,1,17560.06,0,0,966.5,0,994.5,1,1170.5,0,0,1,1
1172,1,0,0,883.5,1,0,0,15919.44,0,1,329.5,1,268.5,0,2086.5,0,1,0,1
1174,1,0,0,1619.5,0,0,0,14217.68,1,0,2084.5,1,268.5,1,1170.5,0,0,1,1
1175,1,0,0,883.5,0,0,1,14142.72,0,0,2084.5,0,994.5,1,1170.5,1,0,0,1
1176,1,0,1,189.5,0,0,1,12607.78,1,0,1521.5,0,994.5,1,1170.5,1,0,0,1
1177,1,0,0,189.5,0,0,1,14781.88,0,1,329.5,0,994.5,1,1170.5,0,1,0,1
1178,1,0,0,883.5,0,0,1,18229.3,0,0,966.5,0,994.5,1,1170.5,0,0,1,1
1179,1,0,0,883.5,0,0,0,14519.84,0,0,329.5,0,994.5,0,284.5,0,0,0,1
1180,1,0,0,189.5,0,0,1,12879.34,1,0,1521.5,0,1926.5,1,1170.5,1,0,1,1
1181,1,0,0,2119.5,0,0,0,13967.48,1,0,966.5,0,1926.5,1,1170.5,1,0,1,1
1182,1,0,0,1619.5,0,0,0,15010.84,0,1,329.5,0,994.5,1,1170.5,0,0,1,1
1183,1,0,0,883.5,0,0,1,15601.32,1,0,966.5,1,268.5,1,1170.5,1,0,1,1
1184,1,1,0,883.5,0,0,0,14615.44,1,0,2084.5,0,994.5,1,1170.5,0,0,1,1
1185,1,1,1,1619.5,1,0,0,14603.16,0,1,966.5,1,268.5,0,284.5,0,0,1,1
1186,1,1,1,883.5,0,0,0,15553.46,1,0,966.5,0,994.5,1,1170.5,0,1,1,5
1188,1,0,0,883.5,0,0,0,18073.86,1,0,1521.5,0,994.5,1,1170.5,0,1,1,1
1189,1,0,0,189.5,0,0,1,11759.96,0,1,966.5,0,994.5,0,2086.5,0,0,1,1
1191,1,0,0,1619.5,0,0,0,15493.04,1,0,1521.5,1,268.5,1,1170.5,0,0,0,2
1192,1,1,0,883.5,1,0,0,16489.72,0,1,329.5,0,994.5,1,1170.5,0,0,0,1
1193,1,1,1,1619.5,0,0,0,16015.46,0,0,1521.5,1,268.5,1,1170.5,0,0,1,1
1194,1,0,1,883.5,0,0,0,15477.24,1,0,966.5,0,1926.5,1,1170.5,0,1,0,1
1195,1,1,1,883.5,0,0,0,16087.6,0,1,2084.5,1,268.5,0,284.5,0,0,1,1
1196,1,0,0,1619.5,0,0,1,15498.72,0,0,966.5,0,994.5,1,1170.5,0,1,0,1
1197,1,0,0,2119.5,0,0,1,18492.54,0,0,966.5,1,268.5,1,1170.5,1,0,0,2
1198,1,0,0,883.5,0,0,0,18053.94,1,0,966.5,0,994.5,1,1170.5,0,1,1,1
1200,1,0,0,883.5,0,0,0,15090.88,0,0,2084.5,1,268.5,1,1170.5,1,0,1,1
1202,0,0,0,2119.5,0,1,0,21172.64,1,0,329.5,0,994.5,0,2086.5,0,0,0,1
1209,0,1,0,883.5,0,1,0,56281.97,0,0,1521.5,0,1926.5,0,284.5,0,0,1,1
1210,0,0,1,1619.5,0,0,0,11630.41,0,0,966.5,0,1926.5,0,284.5,0,0,1,1
1212,0,0,0,2119.5,0,1,0,40755.55,0,0,329.5,0,994.5,0,284.5,0,0,1,1
1219,0,1,0,1619.5,0,0,0,-35885.95,0,0,2084.5,0,1926.5,0,284.5,0,0,0,1
1220,0,0,0,2119.5,0,0,0,3199.82,0,1,329.5,0,1926.5,1,1170.5,0,1,1,1
1221,0,0,0,2119.5,0,0,0,25291.44,1,0,966.5,0,1926.5,0,2086.5,1,0,0,1
1225,0,0,0,1619.5,1,0,0,83029.57,1,0,1521.5,0,1926.5,0,284.5,1,0,1,1
1226,0,0,0,2119.5,0,0,0,52253.93,0,0,329.5,0,1926.5,1,1170.5,1,0,0,1
1227,0,1,0,1619.5,0,1,0,-8711.03,1,0,966.5,0,994.5,0,2086.5,1,0,0,1
1228,0,0,1,2119.5,0,0,0,27866.27,0,0,1521.5,1,268.5,0,284.5,1,0,0,1
1229,0,0,0,189.5,0,0,1,43476.52,1,0,1521.5,0,1926.5,1,1170.5,0,0,1,1
1230,0,0,0,883.5,0,0,0,23022.85,0,0,329.5,0,1926.5,0,284.5,1,0,1,2
1231,0,0,0,883.5,0,1,0,71674.97,0,0,1521.5,0,1926.5,1,1170.5,0,0,1,1
1233,0,0,0,2119.5,0,0,0,50955.42,1,0,2084.5,1,268.5,0,2086.5,0,0,0,1
1235,0,1,1,189.5,0,0,1,18657.37,1,0,329.5,0,1926.5,0,2086.5,1,0,1,1
1240,0,0,1,883.5,1,0,0,24628.44,0,0,329.5,1,268.5,1,1170.5,0,0,0,1
1247,0,0,0,2119.5,0,0,0,58050.67,0,1,2084.5,0,1926.5,0,284.5,1,0,1,2
1249,0,0,0,1619.5,0,1,0,28635.02,0,0,1521.5,0,1926.5,1,1170.5,0,0,1,1
1251,0,0,0,883.5,0,0,0,62940.65,0,0,966.5,0,1926.5,0,2086.5,0,0,1,1
1257,0,0,0,189.5,0,0,1,54619.25,0,0,966.5,0,994.5,0,2086.5,1,0,1,1
1258,0,0,0,883.5,0,0,0,23828.13,1,0,329.5,0,994.5,1,1170.5,0,0,1,1
1259,0,0,0,2119.5,0,0,1,30979.31,0,0,329.5,0,1926.5,0,284.5,1,0,1,1
1260,0,1,0,2119.5,0,0,0,35825.56,0,0,966.5,0,1926.5,0,2086.5,0,0,1,1
1264,0,0,0,2119.5,0,0,0,39944.2,0,0,329.5,0,994.5,0,2086.5,0,0,1,1
1268,0,0,0,1619.5,0,0,0,31750.69,1,0,329.5,0,994.5,0,284.5,0,0,1,1
1271,0,0,0,883.5,1,0,0,64751.76,0,0,329.5,0,994.5,0,2086.5,0,0,1,1
1273,0,0,0,189.5,0,0,1,51550.9,0,0,966.5,0,1926.5,1,1170.5,0,0,1,1
1274,0,0,0,2119.5,0,0,0,95110.8,0,0,329.5,0,1926.5,0,2086.5,0,0,0,1
1276,0,0,1,2119.5,1,0,0,66597.76,0,0,2084.5,0,1926.5,0,2086.5,1,0,1,1
1277,0,0,0,883.5,0,0,0,33243.73,1,0,1521.5,0,1926.5,0,284.5,0,0,1,1
1280,0,1,0,1619.5,0,1,0,53001.28,0,0,329.5,0,1926.5,1,1170.5,1,0,1,1
1281,0,0,0,883.5,0,1,0,32975.23,0,0,2084.5,0,1926.5,0,284.5,0,1,0,1
1283,0,1,0,189.5,0,0,1,18389.11,0,0,2084.5,0,994.5,0,2086.5,0,0,1,1
1289,0,1,1,2119.5,1,0,0,60519.35,0,0,329.5,1,268.5,0,284.5,1,0,0,1
1295,0,0,0,189.5,0,0,1,56348.94,1,0,2084.5,0,1926.5,1,1170.5,1,0,1,1
1298,0,0,0,189.5,0,0,1,28419.26,0,0,2084.5,0,994.5,1,1170.5,1,0,0,1
1299,0,0,0,1619.5,0,0,0,33257.88,0,0,966.5,0,994.5,0,2086.5,1,0,0,1
1301,0,1,0,883.5,1,0,0,21084.39,0,0,1521.5,0,1926.5,0,2086.5,1,0,0,1
1302,0,1,0,1619.5,1,0,0,24677.83,0,0,329.5,0,1926.5,1,1170.5,0,0,0,1
1303,0,0,0,2119.5,1,0,0,31727.3,0,0,1521.5,0,994.5,1,1170.5,1,0,0,1
1307,0,1,0,883.5,1,0,0,35243.54,0,0,329.5,0,994.5,1,1170.5,0,0,0,1
1308,0,0,0,2119.5,1,0,0,115181.89,0,0,329.5,1,268.5,1,1170.5,0,0,1,1
1311,0,0,0,883.5,1,0,0,71924.19,0,0,329.5,0,1926.5,0,2086.5,1,0,0,1
1313,0,0,0,1619.5,1,0,0,22247.61,0,0,1521.5,0,1926.5,0,2086.5,1,0,0,1
1314,0,1,0,2119.5,1,0,0,41965.84,0,0,1521.5,1,268.5,0,2086.5,1,0,1,1
1316,0,1,0,2119.5,0,0,0,22256.51,0,0,329.5,1,268.5,0,284.5,1,0,1,1
1318,0,1,0,883.5,1,0,0,59053.47,1,0,2084.5,0,994.5,0,284.5,0,0,0,1
1319,0,0,0,1619.5,0,0,0,72617.27,0,0,1521.5,0,994.5,1,1170.5,0,0,0,1
1322,0,0,1,883.5,0,0,0,41046.29,0,1,966.5,1,268.5,1,1170.5,1,0,1,1
1326,0,0,1,1619.5,0,0,0,77387.43,0,0,1521.5,0,1926.5,1,1170.5,1,0,1,1
1328,0,1,0,2119.5,0,1,0,25922.65,0,0,329.5,0,1926.5,1,1170.5,0,0,1,1
1330,0,1,1,883.5,0,0,0,34308.91,0,0,329.5,1,268.5,0,284.5,1,0,0,1
1331,0,0,1,883.5,0,0,0,37503.87,0,0,329.5,0,1926.5,0,284.5,1,0,0,1
1332,0,0,0,883.5,0,0,0,18985.46,0,0,329.5,0,1926.5,1,1170.5,1,0,1,1
1336,0,0,0,2119.5,0,1,0,19845.12,0,0,329.5,1,268.5,1,1170.5,1,0,1,1
1340,0,1,0,883.5,1,0,0,231.28,0,0,329.5,0,1926.5,0,2086.5,0,0,1,1
1341,0,0,0,1619.5,1,0,0,46744.05,0,0,1521.5,0,1926.5,0,2086.5,0,0,0,1
1342,0,0,0,883.5,0,0,1,19404.57,1,0,329.5,0,1926.5,1,1170.5,1,0,0,1
1343,0,0,0,2119.5,0,1,0,49914.12,1,0,2084.5,0,1926.5,0,284.5,1,0,1,1
1344,0,0,0,1619.5,0,0,0,86012.86,0,0,329.5,0,1926.5,0,2086.5,0,0,1,1
1345,0,0,0,883.5,0,0,0,15028.59,1,0,329.5,0,994.5,0,284.5,1,0,1,1
1350,0,1,0,2119.5,0,0,0,107838.88,1,0,329.5,0,1926.5,0,2086.5,1,0,0,1
1355,0,0,0,1619.5,0,0,0,48723.98,0,0,2084.5,0,994.5,0,284.5,1,0,1,1
1358,0,0,0,883.5,1,0,0,116138.9,1,0,966.5,1,268.5,1,1170.5,1,0,0,1
1359,0,0,1,883.5,0,0,1,-4546.22,0,0,2084.5,0,1926.5,0,284.5,1,0,0,1
1360,0,1,1,2119.5,0,0,0,38923.66,0,1,2084.5,0,1926.5,0,2086.5,0,0,0,1
1363,0,0,0,883.5,0,1,0,36074.53,0,0,329.5,0,1926.5,1,1170.5,0,0,1,1
1364,0,0,1,1619.5,0,0,0,17094.21,0,0,329.5,0,994.5,1,1170.5,0,0,0,1
1365,0,1,0,2119.5,0,0,0,769.06,0,0,329.5,0,1926.5,0,284.5,0,0,0,1
1370,0,0,0,2119.5,0,0,0,50786.75,0,0,966.5,0,1926.5,0,284.5,0,0,0,1
1373,0,0,0,883.5,0,1,0,34915.24,0,0,1521.5,1,268.5,0,2086.5,0,0,1,1
1378,0,0,0,189.5,0,0,1,60863.84,0,0,329.5,0,994.5,0,284.5,0,0,1,1
1379,0,0,0,883.5,0,0,0,26209.04,0,0,1521.5,0,1926.5,0,2086.5,1,0,1,1
1380,0,0,1,2119.5,0,0,1,39715.7,0,0,329.5,0,1926.5,0,284.5,1,0,0,1
1381,0,0,0,883.5,1,0,0,20037.23,1,0,329.5,0,994.5,1,1170.5,1,0,0,1
1382,0,0,0,2119.5,0,0,1,46797.75,0,0,329.5,0,994.5,1,1170.5,1,0,0,1
1383,0,1,0,1619.5,0,1,0,72154.19,1,0,2084.5,0,1926.5,0,284.5,1,0,1,1
1388,0,0,1,2119.5,0,0,0,107711.62,1,0,329.5,0,1926.5,1,1170.5,1,0,0,1
1389,0,0,0,189.5,0,0,1,50877.67,0,0,329.5,0,1926.5,0,284.5,0,0,1,1
1391,0,0,0,2119.5,0,0,0,-26476.99,0,0,329.5,0,994.5,1,1170.5,1,0,1,1
1393,0,0,0,1619.5,0,0,0,34868.27,0,0,329.5,0,994.5,0,2086.5,1,0,0,1
1396,0,1,0,883.5,0,0,0,-30684.83,1,0,329.5,0,994.5,0,2086.5,0,0,1,1
1397,0,0,1,189.5,0,0,1,36408.36,1,0,329.5,0,1926.5,0,2086.5,1,0,1,1
1398,0,0,0,2119.5,1,0,0,22359.53,0,0,2084.5,1,268.5,0,2086.5,0,0,1,1
1400,0,0,0,883.5,0,0,0,38689.57,0,0,329.5,0,1926.5,0,284.5,0,1,1,1
1401,1,0,0,883.5,0,0,0,17619.24,1,0,2084.5,0,1926.5,1,1170.5,0,0,0,1
1406,1,0,0,883.5,0,0,1,20466.68,1,0,966.5,0,1926.5,0,2086.5,1,0,1,1
1411,1,0,0,189.5,0,0,1,-19395.88,1,0,329.5,0,994.5,1,1170.5,0,1,1,1
1413,1,0,0,883.5,0,0,0,11550.65,1,0,1521.5,0,994.5,1,1170.5,0,0,0,1
1416,1,0,0,883.5,0,0,0,34330.68,1,0,2084.5,1,268.5,1,1170.5,1,0,0,1
1429,1,1,0,883.5,0,0,1,-12838.5,1,0,1521.5,1,268.5,0,2086.5,0,1,1,1
1434,1,1,0,2394.5,1,0,0,39275.28,0,0,329.5,0,1926.5,1,1170.5,0,1,0,1
1435,1,0,0,1619.5,1,0,0,25716.8,1,0,1521.5,0,1926.5,1,1170.5,0,1,0,1
1436,1,0,1,1619.5,0,0,0,16953.46,0,0,1521.5,0,994.5,0,284.5,1,0,0,1
1441,1,0,1,883.5,0,0,0,19593.05,1,0,2084.5,0,1926.5,0,284.5,0,1,1,1
1452,1,0,1,883.5,0,0,1,32076.5,0,0,966.5,0,1926.5,1,1170.5,0,1,0,1
1455,1,1,1,883.5,0,0,0,30818.21,1,0,2084.5,0,994.5,1,1170.5,1,0,0,1
1462,1,0,0,189.5,0,0,1,-7569.14,0,0,966.5,1,268.5,1,1170.5,0,0,0,1
1470,1,0,0,2119.5,0,0,0,14060.59,0,0,1521.5,0,994.5,0,284.5,0,1,1,1
1471,1,0,1,2119.5,0,0,1,16520.25,1,0,2084.5,0,994.5,0,2086.5,0,1,0,1
1472,1,0,0,1619.5,0,0,0,-5607.01,0,0,966.5,1,268.5,0,284.5,1,0,0,1
1474,1,0,0,883.5,0,0,0,15533.93,1,0,1521.5,0,994.5,1,1170.5,1,0,0,1
1478,1,0,0,189.5,0,0,1,11402.6,0,1,1521.5,1,268.5,0,2086.5,0,1,1,1
1479,1,1,0,1619.5,0,0,1,10299.43,1,0,2084.5,1,268.5,1,1170.5,0,1,1,2
1481,1,0,0,189.5,0,0,1,5535.37,0,1,2084.5,0,994.5,1,1170.5,0,1,1,1
1483,1,0,0,883.5,1,0,0,25282.47,1,0,1521.5,0,1926.5,0,2086.5,0,1,1,1
1486,1,0,0,1619.5,0,0,0,40885.31,0,0,329.5,0,994.5,1,1170.5,0,1,1,1
1488,1,0,1,883.5,0,0,0,-4303.46,0,0,966.5,0,994.5,1,1170.5,0,0,0,1
1493,1,1,0,1619.5,0,0,1,17840.59,0,0,966.5,1,268.5,0,284.5,0,0,1,4
1496,1,0,1,883.5,0,0,0,15797.35,1,0,329.5,1,268.5,0,2086.5,0,0,1,1
1498,1,1,0,1619.5,0,0,0,25657.6,1,0,1521.5,0,994.5,1,1170.5,1,0,0,1
1507,1,0,0,883.5,1,0,0,9351.9,1,0,1521.5,0,994.5,1,1170.5,0,1,1,1
1513,1,0,0,189.5,0,0,1,21698.14,1,0,966.5,1,268.5,1,1170.5,0,1,0,1
1517,1,0,1,189.5,0,0,1,10041.59,0,1,2084.5,1,268.5,1,1170.5,0,0,0,1
1518,1,0,1,189.5,0,0,1,8501.4,1,0,1521.5,0,994.5,0,284.5,0,1,0,1
1522,1,0,0,189.5,0,0,1,35705.73,0,1,2084.5,1,268.5,1,1170.5,0,0,0,1
1523,1,0,0,883.5,0,0,0,39947.94,1,0,2084.5,0,1926.5,1,1170.5,0,1,1,1
1524,1,0,1,2119.5,0,0,0,38031.9,0,0,1521.5,1,268.5,0,2086.5,1,0,0,1
1526,1,0,0,883.5,1,0,0,16175.31,1,0,2084.5,0,1926.5,1,1170.5,1,0,0,1
1527,1,0,0,1619.5,0,0,1,8406.02,0,1,2084.5,0,994.5,1,1170.5,1,0,1,1
1529,1,0,1,189.5,0,0,1,15995.14,1,0,2084.5,1,268.5,0,284.5,0,0,0,1
1532,1,0,1,883.5,0,1,0,4231.85,0,0,2084.5,1,268.5,1,1170.5,1,0,0,1
1536,1,1,1,1619.5,0,1,0,30617.17,0,0,966.5,0,994.5,1,1170.5,1,0,0,1
1539,1,0,0,2119.5,0,0,0,26962.19,0,0,2084.5,0,994.5,1,1170.5,1,0,0,1
1540,1,0,0,189.5,0,0,1,14118.3,1,0,329.5,0,994.5,1,1170.5,0,0,0,1
1541,1,0,0,2119.5,0,0,0,24782.36,1,0,2084.5,0,994.5,1,1170.5,0,1,0,1
1542,1,0,0,883.5,0,0,1,12606.36,0,0,1521.5,1,268.5,1,1170.5,0,0,1,3
1550,1,0,0,1619.5,0,1,0,10969.19,0,0,2084.5,0,994.5,1,1170.5,1,0,0,1
1552,1,0,1,189.5,0,0,1,12741.68,1,0,966.5,1,268.5,1,1170.5,0,1,0,1
1553,1,0,0,883.5,0,0,0,6158.12,0,0,329.5,0,994.5,1,1170.5,0,1,1,1
1560,1,1,0,1619.5,0,0,1,14474.29,1,0,966.5,0,994.5,1,1170.5,0,0,0,3
1563,1,0,0,883.5,0,0,0,-19353.16,1,0,2084.5,0,994.5,1,1170.5,0,1,1,1
1565,1,0,1,883.5,0,0,1,14026.99,1,0,966.5,1,268.5,0,284.5,1,0,1,1
1571,1,0,0,2119.5,0,0,0,2956.28,1,0,2084.5,1,268.5,1,1170.5,0,0,1,1
1575,1,1,0,189.5,0,0,1,9902.53,1,0,329.5,0,994.5,0,284.5,0,0,0,1
1578,1,0,0,883.5,0,0,1,12502.78,1,0,1521.5,1,268.5,1,1170.5,0,0,0,1
1580,1,0,0,189.5,0,0,1,23092.91,1,0,2084.5,0,994.5,0,2086.5,0,1,1,4
1582,1,0,0,1619.5,1,0,0,17661.62,0,0,329.5,0,1926.5,1,1170.5,0,0,1,3
1585,1,0,1,883.5,0,0,1,18831.8,1,0,2084.5,0,1926.5,0,2086.5,1,0,1,1
1587,1,0,0,883.5,1,0,0,4758.89,0,0,2084.5,1,268.5,1,1170.5,0,0,0,1
1590,1,0,0,1619.5,0,0,0,7088.8,1,0,966.5,0,1926.5,1,1170.5,0,1,0,1
1593,1,0,0,189.5,0,0,1,25915.49,0,0,1521.5,0,1926.5,1,1170.5,1,0,1,1
1595,1,0,0,883.5,1,0,0,14628.58,1,0,1521.5,1,268.5,0,284.5,0,1,1,1
1597,1,0,0,189.5,0,0,1,21528.66,0,1,2084.5,0,994.5,1,1170.5,1,0,1,1
1598,1,0,0,883.5,0,0,1,27095.71,0,0,329.5,0,994.5,1,1170.5,1,0,0,1
1600,1,1,0,883.5,1,0,0,3656.42,0,0,1521.5,1,268.5,1,1170.5,1,0,0,1
1601,0,0,0,2119.5,0,1,0,50046.16,0,0,966.5,0,994.5,0,2086.5,0,0,1,1
1602,0,0,0,883.5,0,0,0,34055.48,0,0,329.5,0,1926.5,0,2086.5,0,0,1,3
1603,0,1,0,1619.5,0,1,0,34948.76,0,0,2084.5,0,994.5,0,2086.5,1,0,0,1
1604,0,1,1,1619.5,0,1,0,35317,0,0,966.5,0,994.5,0,2086.5,0,0,1,1
1605,0,0,0,2119.5,1,0,0,50961.96,0,0,329.5,0,1926.5,1,1170.5,1,0,1,1
1606,0,0,1,189.5,0,0,1,48058.04,0,0,1521.5,0,1926.5,1,1170.5,0,0,0,1
1609,0,0,0,189.5,0,0,1,49232.72,1,0,329.5,0,994.5,0,2086.5,0,0,0,1
1611,0,0,0,883.5,0,1,0,37516.08,1,0,966.5,0,1926.5,0,2086.5,1,0,0,1
1612,0,0,0,1619.5,1,0,0,40647.6,1,0,329.5,1,268.5,0,2086.5,1,0,0,1
1613,0,0,0,2119.5,0,0,0,38118.44,0,0,966.5,0,994.5,0,2086.5,1,0,0,1
1615,0,0,0,2119.5,1,0,0,45843.24,0,0,1521.5,1,268.5,0,2086.5,1,0,0,1
1617,0,1,0,1619.5,0,0,0,33065.84,0,0,1521.5,0,1926.5,0,2086.5,0,0,1,1
1619,0,0,1,1619.5,0,0,1,51502.24,0,0,329.5,0,994.5,0,2086.5,0,0,1,1
1620,0,0,1,883.5,1,0,0,37427.84,0,0,2084.5,0,1926.5,1,1170.5,1,0,1,1
1621,0,1,0,1619.5,0,0,0,39474.4,1,0,329.5,0,1926.5,0,284.5,1,0,1,1
1622,0,0,0,2119.5,0,0,0,41727.72,0,0,966.5,1,268.5,1,1170.5,1,0,1,1
1623,0,0,0,189.5,0,0,1,52839.92,0,0,329.5,0,994.5,0,2086.5,1,0,1,1
1624,0,0,0,883.5,0,0,0,43864.4,0,0,329.5,0,1926.5,0,284.5,0,0,0,1
1626,0,0,0,2119.5,1,0,0,54664.44,0,0,966.5,0,1926.5,0,2086.5,0,0,0,1
1627,0,0,0,2119.5,0,0,0,43501.08,0,0,1521.5,0,994.5,0,2086.5,0,0,1,1
1628,0,0,1,883.5,0,1,0,55373.4,0,0,966.5,0,1926.5,0,2086.5,1,0,1,1
1629,0,0,0,2119.5,0,1,0,49956.68,1,0,2084.5,0,1926.5,0,2086.5,1,0,1,1
1630,0,0,0,883.5,0,0,0,46401.2,0,0,966.5,0,1926.5,0,284.5,0,0,1,1
1631,0,0,1,1619.5,1,0,0,35187.04,0,0,329.5,0,1926.5,1,1170.5,0,0,1,1
1633,0,1,0,883.5,0,0,1,34990.8,0,0,329.5,0,1926.5,0,2086.5,1,0,1,1
1634,0,0,0,2119.5,0,0,0,53137.84,0,0,1521.5,0,1926.5,1,1170.5,0,0,0,1
1637,0,0,1,883.5,0,1,0,53822.24,0,0,1521.5,0,1926.5,0,2086.5,0,0,0,1
1639,0,1,0,1619.5,0,0,0,33735.52,0,1,329.5,0,1926.5,1,1170.5,0,0,0,1
1640,0,0,0,2119.5,0,0,0,35646.16,0,0,2084.5,0,994.5,1,1170.5,1,0,0,1
1641,0,0,1,189.5,0,0,1,37117.08,0,0,329.5,0,1926.5,1,1170.5,0,0,0,1
1643,0,0,1,2119.5,0,1,0,40660.52,0,0,2084.5,0,1926.5,0,284.5,1,0,1,1
1645,0,0,1,883.5,0,0,0,45483.84,1,0,329.5,0,1926.5,0,284.5,0,0,0,1
1646,0,1,1,189.5,0,0,1,40180.32,0,0,1521.5,0,994.5,1,1170.5,1,0,1,1
1650,0,0,0,189.5,0,0,1,45788.08,1,0,966.5,0,994.5,0,2086.5,1,0,1,1
1651,0,1,0,2119.5,0,0,0,35325.88,0,0,329.5,0,1926.5,0,284.5,1,0,0,1
1652,0,0,0,1619.5,0,0,0,44994,1,0,2084.5,0,1926.5,1,1170.5,1,0,0,1
1653,0,0,0,189.5,0,0,1,41373.64,0,0,329.5,0,1926.5,0,284.5,0,0,0,1
1654,0,0,0,1619.5,0,0,0,42290.64,0,0,2084.5,0,1926.5,1,1170.5,0,0,1,1
1655,0,0,0,1619.5,0,1,0,39402.92,0,0,329.5,0,1926.5,0,2086.5,0,0,0,1
1658,0,1,0,2119.5,1,0,0,42034.88,0,0,1521.5,0,1926.5,0,284.5,0,0,0,1
1659,0,0,0,2119.5,0,0,0,39720.96,0,1,1521.5,0,1926.5,0,284.5,0,0,1,1
1660,0,0,0,2119.5,0,0,1,44656.8,0,0,329.5,1,268.5,1,1170.5,0,0,0,1
1662,0,0,0,2119.5,0,0,0,45145.2,0,0,966.5,0,1926.5,1,1170.5,1,0,0,2
1663,0,0,0,189.5,0,0,1,36092.28,0,0,2084.5,0,994.5,0,284.5,0,0,1,1
1664,0,0,1,189.5,0,0,1,44881.8,0,1,329.5,0,994.5,0,2086.5,0,0,0,1
1665,0,1,1,2119.5,0,0,0,44151.16,0,0,1521.5,0,1926.5,0,284.5,0,0,0,1
1666,0,0,0,883.5,0,1,0,37071.56,0,0,329.5,0,994.5,0,2086.5,0,0,0,1
1667,0,0,0,2119.5,0,0,1,40072.64,0,0,329.5,0,1926.5,1,1170.5,0,0,0,1
1669,0,0,0,189.5,0,0,1,33133.36,0,0,329.5,0,994.5,0,284.5,1,0,1,1
1670,0,0,0,1619.5,0,0,0,51927.68,0,0,1521.5,0,994.5,0,284.5,0,0,0,1
1671,0,1,1,1619.5,1,0,0,36916.72,1,0,1521.5,0,1926.5,0,2086.5,1,0,0,1
1672,0,0,0,189.5,0,0,1,39042.44,0,0,1521.5,0,994.5,0,2086.5,1,0,1,2
1674,0,0,0,883.5,0,0,0,41444.72,1,0,329.5,1,268.5,0,2086.5,1,0,0,2
1676,0,1,0,1619.5,0,0,0,29488.08,0,0,329.5,0,1926.5,1,1170.5,0,0,0,1
1677,0,0,1,189.5,0,0,1,38414.96,0,0,329.5,0,1926.5,0,284.5,0,0,1,2
1678,0,1,0,2119.5,0,0,0,27327.32,0,0,2084.5,0,1926.5,0,284.5,0,0,0,3
1679,0,0,0,883.5,1,0,0,34971.44,0,0,1521.5,0,1926.5,0,2086.5,1,0,0,1
1680,0,0,0,883.5,0,0,0,53335.88,0,0,966.5,0,1926.5,0,2086.5,0,1,1,1
1681,0,0,1,883.5,1,0,0,36976.84,0,0,966.5,0,994.5,0,284.5,1,0,0,1
1683,0,1,0,883.5,0,0,0,41766,0,0,2084.5,0,1926.5,0,2086.5,0,0,0,1
1684,0,0,0,883.5,1,0,0,41593.32,0,0,1521.5,0,1926.5,0,2086.5,0,0,0,1
1686,0,0,0,2119.5,0,0,1,43874.28,1,0,329.5,0,1926.5,1,1170.5,1,0,1,1
1687,0,0,0,1619.5,0,0,1,44192.76,1,0,1521.5,1,268.5,0,2086.5,1,0,0,1
1688,0,0,1,883.5,0,0,0,49066.4,1,0,329.5,0,994.5,0,2086.5,0,0,0,1
1689,0,0,0,1619.5,0,0,0,31919.48,0,0,329.5,0,1926.5,0,2086.5,1,0,1,1
1690,0,0,0,2119.5,1,0,0,54231.76,0,1,966.5,0,1926.5,0,284.5,1,0,0,1
1691,0,0,1,189.5,0,0,1,37515.4,0,0,1521.5,0,994.5,0,2086.5,1,0,1,1
1694,0,0,0,883.5,0,1,0,39448.76,0,0,966.5,0,1926.5,0,284.5,0,0,1,1
1695,0,0,0,189.5,0,0,1,31290.36,0,0,329.5,0,1926.5,0,2086.5,1,0,1,1
1696,0,1,0,2119.5,0,0,0,41845.4,0,0,1521.5,0,1926.5,0,2086.5,0,0,1,1
1697,0,0,0,1619.5,0,0,0,49761.76,0,1,966.5,1,268.5,0,2086.5,1,0,1,1
1698,0,1,0,189.5,0,0,1,39333.64,0,0,329.5,0,1926.5,0,284.5,1,0,1,1
1701,0,1,0,1619.5,0,0,0,42722.56,0,1,329.5,0,1926.5,1,1170.5,1,0,1,1
1702,0,0,0,189.5,0,0,1,37810.08,0,0,1521.5,0,1926.5,0,2086.5,0,0,1,2
1704,0,1,1,883.5,0,1,0,40443.28,0,0,2084.5,0,994.5,1,1170.5,1,0,0,1
1706,0,1,0,883.5,1,0,0,36671.8,0,0,966.5,0,1926.5,0,284.5,0,0,1,1
1707,0,0,0,883.5,0,1,0,36787.36,1,0,966.5,0,1926.5,0,2086.5,0,0,1,1
1709,0,1,1,189.5,0,0,1,33672.88,0,0,329.5,0,1926.5,0,284.5,0,0,1,1
1710,0,1,0,2119.5,0,0,0,42981.08,0,0,2084.5,0,1926.5,0,284.5,0,0,0,1
1711,0,0,0,1619.5,0,0,0,41948.08,1,0,329.5,0,1926.5,1,1170.5,1,0,1,1
1712,0,0,1,883.5,1,0,0,41841.92,0,0,2084.5,0,1926.5,0,2086.5,1,0,0,1
1713,0,0,0,883.5,0,1,0,42902.04,0,1,329.5,0,1926.5,0,284.5,0,0,1,1
1714,0,0,0,883.5,0,0,0,39395.64,0,0,1521.5,0,1926.5,0,2086.5,1,0,0,1
1717,0,0,0,883.5,0,1,0,43807.68,0,1,329.5,0,1926.5,0,284.5,0,0,1,1
1718,0,1,0,2119.5,0,1,0,38340.32,0,0,329.5,0,1926.5,0,2086.5,1,0,0,1
1721,0,0,1,883.5,0,0,0,44199.56,0,0,329.5,0,1926.5,0,2086.5,0,1,0,1
1723,0,0,0,883.5,0,0,0,45319.88,0,0,329.5,1,268.5,0,2086.5,1,0,0,1
1724,0,0,0,189.5,0,0,1,42848.68,0,0,329.5,1,268.5,0,2086.5,0,0,1,1
1725,0,0,0,1619.5,0,1,0,36550.28,0,0,1521.5,0,1926.5,1,1170.5,0,1,1,1
1726,0,0,0,2119.5,1,0,0,45175.08,1,0,329.5,0,1926.5,1,1170.5,1,0,1,1
1727,0,0,0,883.5,1,0,0,42594.56,0,0,329.5,0,994.5,0,284.5,1,0,1,1
1728,0,0,0,189.5,0,0,1,36416.4,0,0,2084.5,0,1926.5,0,2086.5,0,1,0,1
1730,0,0,0,2119.5,0,0,0,45033.44,0,1,329.5,0,994.5,0,284.5,1,0,1,1
1731,0,0,1,2119.5,0,0,0,41115.08,0,0,1521.5,0,1926.5,0,284.5,1,0,0,1
1732,0,0,0,2119.5,0,0,1,39308.68,0,0,329.5,0,994.5,1,1170.5,1,0,1,3
1733,0,0,0,883.5,0,1,0,42650.8,0,0,2084.5,0,994.5,0,2086.5,0,0,1,1
1734,0,0,1,883.5,0,0,0,38601.48,1,0,966.5,0,994.5,0,2086.5,1,0,0,1
1735,0,1,0,2119.5,0,0,0,45120.84,0,0,2084.5,0,1926.5,0,284.5,1,0,1,1
1737,0,0,0,2119.5,0,1,0,37977.52,0,0,1521.5,0,994.5,1,1170.5,1,0,1,2
1738,0,0,0,1619.5,0,1,0,48940.2,0,0,966.5,0,1926.5,0,284.5,0,1,1,1
1739,0,0,0,2119.5,0,0,1,38270.84,0,0,966.5,0,994.5,0,284.5,1,0,1,1
1740,0,1,1,1619.5,1,0,0,31937.48,0,0,329.5,0,1926.5,0,2086.5,0,0,1,1
1741,0,0,0,2119.5,1,0,0,46498.08,0,1,329.5,0,1926.5,0,284.5,0,0,1,1
1743,0,0,0,1619.5,0,1,0,33746.76,0,0,1521.5,0,1926.5,0,284.5,1,0,0,1
1745,0,0,0,189.5,0,0,1,50230.48,0,0,329.5,1,268.5,0,2086.5,0,0,1,1
1747,0,0,1,883.5,0,1,0,45910.52,0,0,329.5,0,1926.5,0,2086.5,1,0,0,1
1748,0,1,1,1619.5,0,0,0,44778.48,0,0,329.5,1,268.5,1,1170.5,0,0,1,1
1749,0,0,0,2119.5,0,1,0,47306.08,0,0,966.5,1,268.5,1,1170.5,0,1,0,1
1751,0,0,1,1619.5,1,0,0,41144.4,1,0,966.5,0,994.5,1,1170.5,1,0,1,1
1754,0,0,0,2119.5,0,0,0,52011.2,0,0,329.5,1,268.5,0,2086.5,0,0,0,1
1755,0,0,0,2119.5,0,0,0,42566.04,1,0,329.5,0,1926.5,0,284.5,1,0,1,1
1756,0,0,0,2119.5,0,0,0,41627.52,0,0,329.5,0,1926.5,0,284.5,0,0,1,1
1758,0,0,0,2119.5,0,0,1,50586.72,0,1,329.5,0,1926.5,0,2086.5,0,0,0,1
1759,0,0,0,2119.5,0,0,0,37006.28,0,1,329.5,0,994.5,0,2086.5,1,0,0,1
1760,0,0,0,2119.5,0,0,0,46792.4,0,0,966.5,0,994.5,0,284.5,0,1,1,1
1761,0,1,1,1619.5,0,0,0,39704.64,1,0,329.5,0,994.5,0,2086.5,0,0,0,1
1762,0,0,0,2119.5,0,1,0,41401.76,0,0,1521.5,0,1926.5,0,2086.5,1,0,0,1
1763,0,0,1,883.5,1,0,0,36400.32,0,0,2084.5,0,994.5,0,2086.5,1,0,1,1
1764,0,0,0,883.5,0,1,0,51707.04,0,0,1521.5,0,994.5,1,1170.5,0,0,1,1
1765,0,0,0,1619.5,0,0,0,38049.56,1,0,966.5,0,1926.5,0,2086.5,1,0,0,1
1766,0,0,1,883.5,1,0,0,48259.64,0,0,966.5,0,994.5,0,2086.5,0,0,0,1
1767,0,0,0,2119.5,0,1,0,39233.24,0,0,966.5,1,268.5,1,1170.5,0,0,1,1
1768,0,0,0,2119.5,0,1,0,46442.48,0,0,329.5,0,994.5,0,284.5,0,0,0,1
1770,0,0,0,2119.5,0,0,0,42248.8,0,0,1521.5,0,1926.5,0,2086.5,0,0,1,1
1771,0,1,0,2119.5,1,0,0,30757.96,1,0,329.5,0,1926.5,0,2086.5,1,0,1,2
1774,0,0,0,2119.5,0,1,0,51763.68,0,0,966.5,0,994.5,0,2086.5,0,0,1,1
1775,0,0,0,189.5,0,0,1,41049.56,1,0,1521.5,0,994.5,1,1170.5,1,0,0,1
1776,0,0,0,2119.5,0,0,1,37126.04,0,0,329.5,0,994.5,1,1170.5,1,0,1,1
1777,0,0,0,2119.5,0,0,0,44279.16,0,1,966.5,0,994.5,1,1170.5,1,0,1,1
1778,0,0,0,1619.5,0,0,0,45990.6,0,0,1521.5,0,994.5,1,1170.5,1,0,1,1
1779,0,1,0,189.5,0,0,1,41692.16,0,0,1521.5,0,994.5,0,284.5,1,0,1,1
1780,0,1,0,883.5,1,0,0,38951.52,1,0,1521.5,1,268.5,0,2086.5,0,0,1,1
1784,0,0,0,883.5,0,0,0,43186.92,0,0,2084.5,0,994.5,0,284.5,1,0,1,1
1785,0,1,0,883.5,0,0,0,30179.6,1,0,329.5,0,1926.5,0,2086.5,1,0,1,3
1786,0,0,1,883.5,0,1,0,38598.8,0,0,329.5,0,1926.5,0,284.5,1,0,0,1
1787,0,0,0,189.5,0,0,1,35112.52,0,0,329.5,1,268.5,0,284.5,0,0,1,1
1788,0,1,0,189.5,0,0,1,36676.12,1,0,329.5,0,1926.5,0,284.5,0,1,0,1
1789,0,0,0,1619.5,0,0,0,47683.76,0,0,329.5,0,994.5,0,2086.5,1,0,1,1
1790,0,0,0,189.5,0,0,1,42473.96,0,0,329.5,0,1926.5,0,284.5,1,0,1,1
1791,0,0,0,883.5,0,1,0,46233.36,1,0,2084.5,0,994.5,0,2086.5,0,0,1,1
1792,0,0,0,1619.5,0,0,0,45651.32,1,0,329.5,0,1926.5,0,284.5,0,0,1,1
1793,0,0,1,883.5,0,0,0,36512.64,0,0,1521.5,0,1926.5,0,2086.5,0,0,0,1
1794,0,0,0,2119.5,0,0,0,40013.84,0,0,329.5,0,1926.5,0,2086.5,1,0,0,1
1795,0,0,0,883.5,1,0,0,34238.12,0,0,966.5,0,1926.5,0,2086.5,1,0,1,1
1796,0,0,0,883.5,0,1,0,46620.84,0,0,329.5,1,268.5,0,2086.5,0,0,1,1
1799,0,1,1,883.5,0,1,0,39515.48,0,0,329.5,0,1926.5,0,2086.5,1,0,0,1
1800,0,0,1,1619.5,1,0,0,50083.76,1,0,329.5,1,268.5,0,2086.5,0,0,0,1
1801,1,0,0,883.5,1,0,0,13554.72,1,0,2084.5,0,994.5,1,1170.5,1,0,0,1
1802,1,0,0,883.5,0,0,1,17344.98,1,0,2084.5,0,994.5,0,284.5,1,0,1,1
1803,1,0,0,883.5,0,0,1,15936.2,1,0,1521.5,0,994.5,1,1170.5,1,0,1,1
1804,1,0,0,883.5,0,0,1,15924.84,0,1,2084.5,0,1926.5,1,1170.5,1,0,0,1
1805,1,0,0,883.5,0,0,1,16786.56,1,0,329.5,0,1926.5,1,1170.5,1,0,0,3
1806,1,0,0,883.5,0,0,1,14215.88,1,0,966.5,0,994.5,1,1170.5,0,0,1,1
1810,1,0,0,883.5,0,0,0,17036.82,0,0,2084.5,0,994.5,1,1170.5,0,1,0,1
1811,1,0,1,883.5,0,0,0,17280.6,1,0,966.5,0,994.5,1,1170.5,1,0,0,1
1813,1,0,0,2119.5,0,0,1,15151.98,0,0,2084.5,1,268.5,0,284.5,1,0,1,2
1816,1,0,0,189.5,0,0,1,14801.88,0,0,329.5,0,994.5,0,284.5,1,0,0,1
1817,1,0,0,883.5,0,0,0,15306.96,1,0,2084.5,0,994.5,1,1170.5,0,0,1,1
1818,1,0,1,883.5,0,0,0,16828.8,1,0,966.5,0,994.5,0,284.5,1,0,1,1
1819,1,0,0,883.5,0,0,1,16634.98,0,0,966.5,0,1926.5,0,284.5,0,0,0,4
1820,1,0,0,189.5,0,0,1,13803.4,1,0,2084.5,0,994.5,1,1170.5,0,1,1,1
1821,1,0,0,883.5,0,0,0,18457,0,0,2084.5,0,994.5,1,1170.5,0,0,0,4
1823,1,1,0,883.5,0,0,0,13709.1,1,0,2084.5,1,268.5,1,1170.5,0,0,1,1
1824,1,0,1,883.5,0,0,0,15754.56,1,0,1521.5,0,994.5,0,2086.5,0,1,0,1
1826,1,0,1,189.5,0,0,1,12102.7,1,0,2084.5,1,268.5,1,1170.5,0,0,0,1
1828,1,0,0,189.5,0,0,1,18795.04,0,1,2084.5,1,268.5,0,284.5,1,0,0,3
1829,1,0,1,1619.5,0,0,0,16426.24,0,0,2084.5,0,994.5,1,1170.5,1,0,1,3
1830,1,0,0,883.5,0,0,1,18566.94,0,0,2084.5,0,1926.5,1,1170.5,0,0,0,1
1833,1,0,0,883.5,0,0,0,16742.7,0,0,966.5,0,994.5,1,1170.5,0,0,0,1
1834,1,0,0,883.5,0,1,0,15032.1,0,0,966.5,0,994.5,1,1170.5,0,0,1,1
1835,1,0,0,883.5,1,0,0,18283.42,0,0,966.5,1,268.5,1,1170.5,0,0,1,1
1837,1,0,0,883.5,0,0,1,16683.76,1,0,2084.5,0,994.5,1,1170.5,0,0,0,1
1838,1,0,0,883.5,1,0,0,13268.3,1,0,329.5,0,1926.5,1,1170.5,1,0,0,1
1839,1,0,1,883.5,0,0,0,15564.14,1,0,1521.5,0,1926.5,1,1170.5,0,0,1,4
1840,1,1,0,883.5,0,0,0,13889.48,0,1,1521.5,0,1926.5,1,1170.5,1,0,0,1
1841,1,1,0,2119.5,0,0,0,14866.74,1,0,2084.5,1,268.5,1,1170.5,1,0,1,1
1842,1,0,0,883.5,0,0,0,16179.42,1,0,329.5,0,994.5,1,1170.5,0,1,0,1
1844,1,0,0,883.5,0,0,0,17151.06,1,0,966.5,0,1926.5,1,1170.5,1,0,1,1
1845,1,1,0,189.5,0,0,1,13541.74,0,1,1521.5,0,994.5,1,1170.5,0,0,0,1
1847,1,0,1,2119.5,0,0,0,17164.32,1,0,2084.5,1,268.5,1,1170.5,0,0,1,3
1848,1,0,0,883.5,1,0,0,16994.9,0,0,966.5,0,994.5,0,2086.5,1,0,1,1
1850,1,0,0,189.5,0,0,1,13943.32,1,0,2084.5,0,1926.5,1,1170.5,1,0,0,1
1851,1,0,0,883.5,0,0,1,18326.58,0,0,329.5,0,994.5,0,2086.5,0,0,1,1
1852,1,0,0,883.5,1,0,0,17467.68,0,0,1521.5,0,1926.5,1,1170.5,0,1,1,1
1853,1,0,0,883.5,0,0,0,16530.04,0,0,2084.5,0,994.5,0,2086.5,1,0,1,1
1854,1,0,0,883.5,0,0,1,17379.22,0,0,966.5,0,1926.5,1,1170.5,0,1,0,4
1857,1,0,0,883.5,0,0,0,13923.34,0,0,329.5,1,268.5,1,1170.5,0,0,1,1
1858,1,1,1,883.5,0,0,0,15972.86,1,0,2084.5,0,994.5,0,284.5,0,0,1,1
1859,1,1,0,1619.5,0,0,1,15801.28,0,0,2084.5,0,1926.5,0,284.5,0,0,0,1
1860,1,0,0,883.5,0,0,0,18642.36,0,1,2084.5,1,268.5,1,1170.5,0,0,1,1
1861,1,1,1,189.5,0,0,1,12574.34,0,0,2084.5,0,994.5,1,1170.5,0,0,0,2
1864,1,0,0,883.5,0,0,0,15412.44,1,0,1521.5,0,1926.5,1,1170.5,0,0,1,1
1865,1,0,0,189.5,0,0,1,10295.66,0,1,2084.5,0,994.5,1,1170.5,0,0,0,1
1866,1,0,0,883.5,0,0,1,16523.5,0,1,966.5,1,268.5,1,1170.5,1,0,0,1
1867,1,1,0,1619.5,0,0,1,16021.28,1,0,1521.5,0,1926.5,1,1170.5,1,0,1,1
1870,1,0,0,883.5,0,0,0,16855.98,0,0,2084.5,1,268.5,1,1170.5,0,0,1,1
1871,1,0,1,1619.5,0,0,0,15071.32,1,0,2084.5,1,268.5,1,1170.5,0,0,0,1
1874,1,1,0,883.5,0,0,0,13430.9,1,0,2084.5,1,268.5,1,1170.5,0,0,0,2
1875,1,1,0,883.5,0,0,0,15486.76,0,0,966.5,1,268.5,0,2086.5,0,1,0,1
1876,1,0,0,883.5,0,0,0,14622.76,0,0,966.5,0,1926.5,1,1170.5,0,1,0,4
1877,1,0,0,883.5,0,0,0,14726.58,1,0,2084.5,1,268.5,1,1170.5,0,0,1,1
1880,1,0,0,2119.5,0,0,0,18983.02,1,0,966.5,0,1926.5,1,1170.5,1,0,1,1
1881,1,0,1,189.5,0,0,1,12258.4,1,0,329.5,0,1926.5,1,1170.5,1,0,0,1
1883,1,0,0,883.5,0,0,0,13352.78,1,0,2084.5,0,994.5,0,2086.5,1,0,1,1
1886,1,0,0,2119.5,0,1,0,13905.1,1,0,2084.5,0,994.5,1,1170.5,0,0,0,1
1889,1,0,0,2119.5,0,0,0,19649.32,0,0,1521.5,0,1926.5,1,1170.5,1,0,1,1
1890,1,0,0,189.5,0,0,1,14142.08,0,0,966.5,0,994.5,0,284.5,0,1,1,1
1892,1,0,0,883.5,0,0,0,15949.9,0,0,966.5,1,268.5,0,2086.5,1,0,0,1
1893,1,0,1,883.5,0,0,1,16127.16,1,0,2084.5,1,268.5,1,1170.5,1,0,1,1
1894,1,0,0,2119.5,0,0,0,14671.64,0,0,1521.5,0,994.5,1,1170.5,0,0,0,1
1895,1,0,1,1619.5,0,0,0,13736.04,0,0,966.5,0,994.5,1,1170.5,0,0,1,1
1896,1,1,0,883.5,0,0,0,13619.96,1,0,2084.5,0,994.5,1,1170.5,1,0,1,1
1897,1,0,1,1619.5,0,0,0,15825.18,0,1,2084.5,1,268.5,0,284.5,0,1,0,1
1899,1,0,0,189.5,0,0,1,14639.62,0,0,2084.5,0,994.5,1,1170.5,0,1,0,1
1900,1,0,0,883.5,0,0,0,15689.48,0,0,2084.5,0,994.5,1,1170.5,0,1,0,1
1902,1,0,0,883.5,0,0,1,14407.68,0,0,329.5,0,1926.5,1,1170.5,1,0,0,1
1903,1,1,0,883.5,0,0,1,16774.76,1,0,2084.5,0,1926.5,1,1170.5,1,0,1,1
1904,1,0,1,883.5,0,0,0,19831.52,0,0,966.5,1,268.5,1,1170.5,0,1,1,1
1905,1,0,0,1619.5,0,0,1,15037.12,1,0,966.5,0,994.5,1,1170.5,1,0,0,1
1907,1,0,1,883.5,0,1,0,16790.74,1,0,2084.5,1,268.5,1,1170.5,0,1,1,1
1908,1,1,1,883.5,0,0,1,16648.28,0,1,1521.5,1,268.5,1,1170.5,1,0,1,1
1910,1,0,0,2119.5,0,0,0,13053.22,1,0,1521.5,1,268.5,1,1170.5,0,0,0,1
1911,1,0,0,883.5,0,0,0,16879.42,0,0,1521.5,1,268.5,0,284.5,0,0,1,1
1912,1,0,0,883.5,1,0,0,18510.72,1,0,2084.5,0,994.5,0,284.5,0,0,0,1
1914,1,0,1,883.5,0,0,0,15371.58,1,0,329.5,0,1926.5,1,1170.5,0,0,1,1
1916,1,0,1,2119.5,1,0,0,16542.54,0,0,966.5,0,1926.5,1,1170.5,0,0,1,1
1918,1,0,0,1619.5,1,0,0,15159.64,1,0,329.5,0,994.5,1,1170.5,1,0,0,3
1920,1,0,0,883.5,0,0,0,18850.38,1,0,2084.5,0,1926.5,1,1170.5,0,1,1,1
1921,1,0,0,2119.5,0,0,1,14922.56,0,0,329.5,1,268.5,0,284.5,0,0,0,1
1922,1,1,1,189.5,0,0,1,12383.28,1,0,2084.5,0,1926.5,1,1170.5,0,1,0,1
1923,1,0,0,883.5,0,0,0,19516.06,0,0,2084.5,0,1926.5,1,1170.5,0,1,0,1
1925,1,1,1,883.5,0,0,0,14754.84,0,1,966.5,0,1926.5,1,1170.5,1,0,1,4
1926,1,0,1,883.5,0,0,0,19313.76,0,0,1521.5,1,268.5,1,1170.5,0,0,1,1
1927,1,0,1,1619.5,0,0,1,15283.84,1,0,2084.5,0,1926.5,1,1170.5,0,1,1,1
1928,1,0,1,1619.5,0,0,0,18928.24,0,0,2084.5,1,268.5,1,1170.5,0,0,1,3
1929,1,0,1,189.5,0,0,1,14105.74,1,0,2084.5,0,994.5,1,1170.5,1,0,1,1
1930,1,1,0,883.5,0,0,0,15303.44,1,0,1521.5,0,1926.5,0,284.5,0,0,0,1
1931,1,0,0,883.5,0,0,0,16777.16,1,0,1521.5,0,994.5,1,1170.5,0,1,0,1
1932,1,1,0,883.5,0,0,0,15452.32,1,0,2084.5,0,994.5,1,1170.5,0,0,1,4
1933,1,1,1,883.5,0,0,1,16965.9,0,1,329.5,0,994.5,1,1170.5,1,0,1,1
1935,1,0,1,1619.5,1,0,0,15813.4,1,0,329.5,0,994.5,1,1170.5,1,0,0,1
1936,1,0,0,189.5,0,0,1,14699.48,1,0,1521.5,0,994.5,1,1170.5,0,1,1,1
1937,1,1,0,2119.5,0,0,0,15558.06,1,0,2084.5,0,1926.5,1,1170.5,1,0,0,1
1938,1,0,0,1619.5,0,0,1,15813.74,0,0,1521.5,0,1926.5,1,1170.5,1,0,1,1
1940,1,1,0,189.5,0,0,1,14070,1,0,2084.5,0,994.5,1,1170.5,0,0,1,1
1941,1,1,0,2119.5,0,0,1,13859.22,0,0,1521.5,0,994.5,0,284.5,0,1,0,1
1942,1,1,0,883.5,0,0,0,14777.5,0,0,1521.5,1,268.5,1,1170.5,0,0,0,1
1944,1,0,0,883.5,0,0,0,15936.34,1,0,966.5,0,994.5,1,1170.5,1,0,0,1
1947,1,0,0,189.5,0,0,1,16703.62,0,0,329.5,0,994.5,0,284.5,0,1,0,1
1948,1,0,0,883.5,0,0,0,12417.84,0,0,966.5,0,994.5,1,1170.5,0,0,0,1
1949,1,0,0,883.5,0,0,0,16108.74,0,0,2084.5,0,994.5,0,2086.5,0,0,0,1
1950,1,0,0,883.5,0,0,1,14344.78,1,0,966.5,1,268.5,0,2086.5,0,1,0,1
1952,1,1,1,189.5,0,0,1,13010.58,1,0,966.5,0,994.5,0,284.5,0,1,0,1
1954,1,1,1,883.5,0,0,0,13076.52,1,0,2084.5,0,994.5,1,1170.5,1,0,0,1
1955,1,0,0,189.5,0,0,1,14609.2,1,0,966.5,0,1926.5,1,1170.5,0,0,0,4
1956,1,1,0,1619.5,0,0,0,14427.16,0,1,1521.5,0,994.5,1,1170.5,0,1,1,1
1957,1,0,0,883.5,0,0,0,18679.86,1,0,2084.5,0,994.5,1,1170.5,1,0,1,1
1959,1,0,1,2119.5,0,0,0,19773.48,0,0,1521.5,0,994.5,1,1170.5,1,0,1,1
1960,1,0,0,883.5,1,0,0,13264.44,1,0,1521.5,0,1926.5,1,1170.5,1,0,1,1
1962,1,0,1,883.5,0,0,0,18650.62,1,0,966.5,0,1926.5,0,2086.5,1,0,0,1
1966,1,0,0,883.5,0,0,0,18277.84,1,0,2084.5,0,1926.5,1,1170.5,0,0,1,3
1967,1,0,1,883.5,0,0,0,14591.04,1,0,966.5,0,994.5,1,1170.5,0,0,0,1
1969,1,0,1,883.5,0,0,0,15914.12,0,0,966.5,0,994.5,1,1170.5,0,0,1,1
1970,1,0,0,1619.5,0,0,0,14758.8,1,0,966.5,0,994.5,1,1170.5,0,0,0,1
1971,1,0,0,883.5,0,0,0,13800.16,1,0,329.5,1,268.5,0,2086.5,0,1,0,1
1972,1,0,1,2119.5,0,1,0,13071.82,1,0,1521.5,0,994.5,1,1170.5,0,1,1,3
1973,1,0,1,1619.5,0,0,0,14196.46,0,0,2084.5,0,994.5,1,1170.5,1,0,0,1
1974,1,0,0,1619.5,0,0,0,16282.82,0,0,1521.5,0,994.5,1,1170.5,0,1,1,3
1975,1,0,0,1619.5,0,0,0,15855.86,1,0,2084.5,0,1926.5,1,1170.5,0,0,0,1
1978,1,0,0,883.5,0,0,0,15755.28,1,0,1521.5,0,994.5,0,2086.5,0,0,0,2
1980,1,0,0,883.5,0,0,0,15029.48,0,1,2084.5,0,994.5,1,1170.5,0,0,1,1
1981,1,0,1,1619.5,0,0,0,19774.48,0,0,966.5,0,1926.5,1,1170.5,0,1,1,1
1984,1,0,0,883.5,0,0,0,14823.16,0,0,329.5,0,994.5,0,2086.5,1,0,1,1
1985,1,0,1,2119.5,0,0,0,12980.52,0,1,1521.5,0,994.5,1,1170.5,1,0,0,1
1986,1,0,0,883.5,0,0,0,18220.98,0,1,329.5,0,994.5,1,1170.5,1,0,1,1
1989,1,1,0,883.5,0,0,0,15672.42,1,0,966.5,0,1926.5,1,1170.5,0,1,0,1
1991,1,0,1,189.5,0,0,1,16957.94,1,0,2084.5,0,1926.5,1,1170.5,0,1,0,1
1992,1,1,1,883.5,0,0,0,15414.72,0,0,966.5,0,994.5,0,2086.5,0,1,0,1
1993,1,0,0,883.5,0,0,1,15003.18,1,0,966.5,0,1926.5,1,1170.5,1,0,1,1
1996,1,0,0,189.5,0,0,1,13502.28,1,0,2084.5,0,994.5,1,1170.5,0,1,1,1
1997,1,1,0,1619.5,0,1,0,16805.92,0,0,966.5,0,994.5,0,284.5,0,0,0,1
2000,1,0,0,2119.5,0,0,0,18611.48,1,0,329.5,1,268.5,1,1170.5,0,0,0,1
2001,0,0,1,1619.5,0,0,0,49628.28,0,0,329.5,0,994.5,0,284.5,0,0,1,1
2002,0,0,0,2119.5,0,0,0,38857.72,0,0,966.5,0,1926.5,1,1170.5,0,0,1,1
2005,0,1,0,883.5,0,0,0,41003.8,0,1,966.5,0,1926.5,0,2086.5,1,0,0,1
2006,0,0,0,2119.5,1,0,0,37225.88,0,1,966.5,0,1926.5,0,284.5,0,0,0,1
2007,0,0,0,1619.5,0,1,0,34028.64,1,0,329.5,0,1926.5,1,1170.5,0,0,1,1
2009,0,0,1,2119.5,0,0,0,49986,0,0,329.5,0,1926.5,0,2086.5,0,0,0,1
2012,0,0,0,1619.5,1,0,0,58751.68,0,0,1521.5,0,1926.5,0,2086.5,0,0,1,1
2015,0,0,0,883.5,0,0,0,49123.28,0,0,2084.5,1,268.5,0,284.5,0,0,1,1
2016,0,0,1,2119.5,0,0,0,41329.36,0,0,329.5,0,1926.5,0,2086.5,0,0,0,1
2017,0,0,0,883.5,1,0,0,45401.28,0,0,966.5,0,1926.5,1,1170.5,0,0,0,1
2018,0,0,1,2119.5,0,0,0,36053.6,0,0,1521.5,0,1926.5,1,1170.5,0,0,1,1
2019,0,0,0,1619.5,0,1,0,48237.8,0,0,329.5,0,994.5,1,1170.5,0,0,1,2
2020,0,0,0,2119.5,0,0,0,29779.76,0,0,329.5,1,268.5,0,2086.5,0,0,1,1
2021,0,0,0,883.5,0,0,0,43317.32,0,0,329.5,0,1926.5,1,1170.5,0,0,0,1
2022,0,1,0,189.5,0,0,1,37832.52,0,0,329.5,0,1926.5,0,284.5,1,0,0,1
2023,0,1,0,2119.5,0,0,0,41898.76,1,0,329.5,0,994.5,0,284.5,1,0,1,1
2024,0,0,0,2119.5,0,1,0,32844.84,0,0,1521.5,0,1926.5,0,284.5,1,0,0,1
2025,0,0,0,189.5,0,0,1,30088.52,1,0,329.5,0,1926.5,0,2086.5,1,0,0,1
2027,0,0,0,883.5,0,0,0,38779.04,0,0,2084.5,1,268.5,0,284.5,1,0,1,1
2031,0,0,0,2119.5,0,0,0,41848.52,1,0,966.5,0,994.5,1,1170.5,1,0,1,1
2032,0,0,0,1619.5,0,0,0,39813.12,1,0,2084.5,1,268.5,1,1170.5,0,0,0,2
2034,0,0,0,2119.5,0,1,0,38569.36,0,0,329.5,1,268.5,1,1170.5,0,0,0,1
2035,0,0,0,1619.5,0,1,0,39015.16,0,0,2084.5,0,1926.5,0,284.5,1,0,1,1
2037,0,0,1,2119.5,0,0,0,45996.16,0,1,329.5,0,994.5,1,1170.5,0,0,0,1
2038,0,0,1,2119.5,0,0,0,39653.76,1,0,1521.5,0,994.5,0,2086.5,1,0,0,2
2040,0,0,1,2119.5,0,0,1,32709.12,0,0,966.5,0,994.5,0,2086.5,1,0,1,1
2041,0,0,0,883.5,0,1,0,51576.88,0,0,1521.5,0,994.5,0,284.5,0,0,0,1
2042,0,1,0,883.5,0,1,0,46009.72,0,1,329.5,0,994.5,0,2086.5,1,0,1,1
2045,0,0,0,2119.5,0,0,0,46842,0,0,1521.5,0,1926.5,0,284.5,0,0,0,1
2048,0,0,0,2119.5,0,0,0,35926.2,0,0,329.5,0,1926.5,1,1170.5,1,0,1,1
2049,0,0,0,1619.5,0,0,0,39668.12,0,1,966.5,0,1926.5,0,2086.5,0,0,1,3
2050,0,0,0,1619.5,0,1,0,41551.32,0,0,966.5,0,994.5,1,1170.5,1,0,0,1
2051,0,0,1,2119.5,0,1,0,46303.4,0,0,2084.5,0,994.5,1,1170.5,0,0,0,2
2052,0,0,0,2119.5,1,0,0,49583.48,1,0,1521.5,0,994.5,0,2086.5,0,0,1,1
2053,0,0,0,2119.5,0,0,0,52716.72,0,0,1521.5,0,1926.5,0,2086.5,1,0,1,1
2054,0,0,0,189.5,0,0,1,35505.44,0,0,966.5,0,994.5,0,284.5,0,0,0,1
2055,0,0,0,883.5,0,0,0,37471.24,0,0,2084.5,0,994.5,0,284.5,1,0,1,1
2058,0,0,0,1619.5,1,0,0,49818.36,0,0,329.5,0,1926.5,0,284.5,0,0,0,1
2059,0,0,0,883.5,0,0,0,38016.48,0,1,2084.5,0,994.5,1,1170.5,0,0,0,1
2060,0,0,1,883.5,1,0,0,40943.88,0,0,329.5,0,1926.5,0,2086.5,0,0,1,1
2061,0,0,0,1619.5,0,0,0,41259.92,0,0,2084.5,1,268.5,1,1170.5,1,0,1,1
2065,0,0,0,883.5,0,1,0,39973.16,0,0,2084.5,0,1926.5,0,2086.5,0,0,1,1
2066,0,0,0,1619.5,0,0,1,37932.32,0,0,1521.5,0,1926.5,1,1170.5,0,0,1,1
2068,0,0,0,2119.5,0,0,1,45194.88,1,0,329.5,0,1926.5,0,284.5,0,0,1,3
2069,0,0,0,883.5,0,0,0,39573.68,1,0,966.5,0,994.5,0,2086.5,1,0,1,1
2070,0,1,0,1619.5,0,0,0,30998.24,0,0,329.5,1,268.5,0,2086.5,0,0,1,2
2072,0,0,0,883.5,0,0,0,43594.32,1,0,329.5,0,994.5,0,2086.5,0,0,0,1
2073,0,0,0,883.5,0,0,0,48262.56,0,0,966.5,0,1926.5,0,2086.5,0,1,0,1
2074,0,0,1,2119.5,0,0,0,34880.8,1,0,966.5,0,994.5,0,2086.5,0,0,0,1
2075,0,0,0,883.5,0,0,0,48112.92,0,0,2084.5,0,1926.5,0,2086.5,1,0,0,1
2078,0,1,0,1619.5,1,0,0,49355.16,0,0,2084.5,0,1926.5,0,2086.5,1,0,0,1
2079,0,0,0,1619.5,1,0,0,44795.64,1,0,966.5,0,1926.5,0,2086.5,0,0,0,1
2080,0,0,0,2119.5,0,0,0,32762.32,0,0,329.5,0,994.5,1,1170.5,1,0,0,1
2082,0,0,0,2119.5,0,1,0,44860.64,1,0,2084.5,0,994.5,0,2086.5,1,0,1,1
2083,0,0,0,2119.5,0,1,0,32955.84,0,0,1521.5,0,1926.5,1,1170.5,0,0,1,1
2084,0,0,0,1619.5,1,0,0,38878.96,0,0,1521.5,0,1926.5,0,284.5,1,0,0,1
2085,0,0,1,883.5,0,0,0,42657.56,0,0,1521.5,0,994.5,0,284.5,0,0,0,1
2086,0,1,0,2119.5,0,0,0,43262.84,0,0,329.5,0,1926.5,1,1170.5,0,0,0,1
2087,0,0,0,2119.5,0,1,0,32736.2,0,0,966.5,0,1926.5,1,1170.5,0,0,1,3
2088,0,0,1,883.5,0,1,0,47473.44,0,0,966.5,0,1926.5,0,284.5,1,0,0,1
2089,0,0,0,883.5,0,0,0,45757.88,0,0,966.5,0,1926.5,0,2086.5,0,0,1,2
2090,0,1,0,2119.5,0,1,0,35370.44,1,0,1521.5,0,994.5,0,2086.5,0,0,1,1
2091,0,0,0,883.5,0,0,0,52980.24,0,0,1521.5,0,994.5,0,2086.5,1,0,1,1
2093,0,0,0,2119.5,0,0,1,32476.28,1,0,966.5,0,1926.5,0,284.5,1,0,0,1
2094,0,0,0,1619.5,0,1,0,39616.48,0,0,966.5,0,994.5,0,2086.5,0,0,0,1
2096,0,0,0,2119.5,0,1,0,37839.04,0,0,329.5,1,268.5,0,2086.5,0,0,0,1
2098,0,0,1,2119.5,0,0,0,40555.24,0,0,966.5,1,268.5,1,1170.5,0,0,1,1
2099,0,0,0,883.5,0,0,0,41903.24,0,0,329.5,0,1926.5,1,1170.5,1,0,1,1
2100,0,0,0,1619.5,0,1,0,39254.96,0,0,2084.5,0,994.5,1,1170.5,0,0,1,1
2101,0,0,0,2119.5,0,0,0,38645.52,0,0,329.5,0,994.5,0,284.5,0,0,0,1
2103,0,0,0,883.5,0,0,0,42134.12,1,0,966.5,1,268.5,0,2086.5,0,0,1,1
2104,0,0,0,1619.5,0,0,0,31699.56,1,0,966.5,0,994.5,0,2086.5,1,0,0,1
2105,0,0,0,2119.5,0,0,0,33270.2,0,1,1521.5,0,1926.5,0,2086.5,1,0,1,1
2106,0,0,1,189.5,0,0,1,43535,0,0,1521.5,0,1926.5,1,1170.5,1,0,0,1
2107,0,0,0,1619.5,0,0,0,47635.68,0,0,1521.5,0,994.5,1,1170.5,1,0,0,1
2108,0,0,0,883.5,1,0,0,46115.2,1,0,329.5,0,994.5,0,2086.5,1,0,0,1
2110,0,1,0,1619.5,0,1,0,33806.6,0,0,2084.5,0,1926.5,0,2086.5,0,0,0,1
2112,0,0,0,189.5,0,0,1,39733.16,0,0,329.5,0,1926.5,0,2086.5,1,0,1,1
2114,0,0,1,189.5,0,0,1,35513.84,0,0,329.5,0,1926.5,1,1170.5,1,0,1,1
2116,0,1,1,883.5,0,0,0,32494.24,1,0,2084.5,0,1926.5,0,2086.5,0,0,1,1
2117,0,1,0,2119.5,0,0,0,38022.44,0,0,329.5,0,1926.5,0,2086.5,1,0,1,1
2118,0,0,0,883.5,1,0,0,40702,0,0,2084.5,0,1926.5,1,1170.5,1,0,1,1
2120,0,0,1,883.5,0,1,0,44542.04,0,0,1521.5,0,994.5,0,284.5,1,0,1,1
2121,0,0,1,883.5,0,0,0,38324.36,0,0,966.5,0,1926.5,0,284.5,1,0,0,1
2122,0,0,0,883.5,0,0,0,50014.16,0,0,2084.5,0,1926.5,0,284.5,0,0,1,1
2123,0,0,0,2119.5,0,0,1,44827.04,0,0,329.5,1,268.5,0,284.5,1,0,0,1
2124,0,1,1,2119.5,0,0,0,39221.96,0,0,329.5,0,994.5,0,2086.5,0,0,1,1
2125,0,0,0,883.5,0,0,0,45366.96,0,0,1521.5,1,268.5,1,1170.5,0,0,1,1
2126,0,0,0,883.5,0,0,0,53078.48,1,0,966.5,0,1926.5,1,1170.5,0,1,1,1
2127,0,0,1,883.5,0,1,0,44628.08,0,0,2084.5,0,994.5,0,284.5,1,0,1,1
2128,0,0,0,883.5,0,1,0,54258.96,0,0,329.5,0,994.5,0,2086.5,1,0,1,1
2129,0,0,1,2119.5,0,1,0,50855.44,1,0,1521.5,0,1926.5,0,2086.5,1,0,0,1
2130,0,1,0,2119.5,0,0,0,26397.4,0,0,329.5,1,268.5,1,1170.5,0,0,1,1
2132,0,0,0,2119.5,0,0,0,60834.68,1,0,2084.5,0,1926.5,1,1170.5,1,0,0,1
2133,0,0,0,2119.5,0,0,0,40541,0,1,329.5,0,1926.5,0,284.5,0,0,0,1
2135,0,0,0,1619.5,0,0,0,34386.24,0,0,2084.5,0,1926.5,0,2086.5,1,0,0,1
2136,0,0,0,2119.5,0,0,0,50225.24,0,0,2084.5,0,1926.5,1,1170.5,1,0,1,1
2138,0,0,0,883.5,1,0,0,36389.2,0,0,329.5,0,1926.5,1,1170.5,1,0,1,1
2139,0,0,0,2119.5,0,1,0,42357.36,0,0,329.5,0,1926.5,0,2086.5,0,0,1,1
2140,0,0,0,189.5,0,0,1,43936.76,0,0,329.5,0,994.5,0,2086.5,0,0,0,1
2141,0,0,0,2119.5,0,0,0,42571.16,0,0,1521.5,0,1926.5,0,2086.5,1,0,0,1
2142,0,0,0,1619.5,0,0,0,50687.88,0,0,329.5,0,1926.5,0,2086.5,1,0,1,1
2144,0,1,0,883.5,1,0,0,37683.92,0,0,329.5,0,1926.5,1,1170.5,0,0,0,1
2145,0,0,0,2119.5,1,0,0,52415.68,0,0,2084.5,1,268.5,0,2086.5,0,0,0,1
2147,0,1,0,1619.5,0,0,0,41636.2,1,0,1521.5,0,1926.5,0,2086.5,0,0,1,1
2148,0,0,0,2119.5,0,0,1,52545.72,0,1,966.5,0,1926.5,1,1170.5,1,0,1,1
2150,0,0,0,2119.5,0,1,0,40663.36,0,0,329.5,0,1926.5,0,2086.5,1,0,0,1
2151,0,0,0,2119.5,0,0,0,26221.2,0,1,1521.5,0,994.5,0,284.5,0,0,0,3
2152,0,0,0,883.5,0,0,0,40238.48,0,0,966.5,1,268.5,0,2086.5,1,0,1,1
2154,0,0,1,883.5,0,0,0,38301.88,0,0,2084.5,0,994.5,0,2086.5,0,0,1,2
2155,0,0,0,2119.5,0,0,0,35081,0,0,966.5,0,1926.5,0,284.5,0,0,1,1
2156,0,0,0,2119.5,1,0,0,49755.76,0,0,329.5,0,994.5,0,2086.5,1,0,0,1
2158,0,0,0,883.5,0,0,0,47092.68,1,0,2084.5,0,994.5,1,1170.5,0,0,0,1
2160,0,0,0,1619.5,0,1,0,47354.76,1,0,2084.5,1,268.5,0,2086.5,1,0,1,1
2161,0,0,0,1619.5,0,0,0,43156.52,0,0,329.5,0,1926.5,1,1170.5,0,0,1,1
2162,0,0,0,883.5,0,1,0,44289.8,0,0,966.5,0,1926.5,1,1170.5,1,0,0,1
2164,0,0,0,2119.5,1,0,0,44772.64,0,0,2084.5,0,1926.5,0,284.5,0,0,0,2
2166,0,0,0,1619.5,0,0,0,47399.68,0,0,1521.5,1,268.5,0,2086.5,0,0,1,1
2168,0,1,0,2119.5,0,1,0,49488.76,0,0,2084.5,0,1926.5,0,2086.5,0,0,0,1
2169,0,0,0,883.5,0,0,0,47932.92,1,0,1521.5,0,994.5,0,284.5,0,0,1,1
2170,0,0,1,883.5,0,1,0,38808.36,0,0,1521.5,0,1926.5,0,2086.5,0,0,1,1
2171,0,1,0,883.5,0,1,0,33854.6,0,0,966.5,0,1926.5,0,2086.5,0,0,0,1
2172,0,1,0,2119.5,1,0,0,42897,0,0,329.5,0,994.5,0,284.5,1,0,0,2
2174,0,0,1,1619.5,0,1,0,39393.72,1,0,329.5,0,1926.5,0,2086.5,1,0,1,1
2175,0,0,0,1619.5,0,0,0,45985.8,0,1,1521.5,0,1926.5,1,1170.5,0,0,1,1
2176,0,0,0,2119.5,1,0,0,51481.08,0,0,329.5,0,1926.5,0,284.5,0,0,1,1
2177,0,0,0,883.5,0,0,0,41990.52,0,0,329.5,0,1926.5,0,284.5,1,0,0,2
2178,0,0,0,189.5,0,0,1,37475.6,0,0,1521.5,0,994.5,1,1170.5,0,0,0,1
2180,0,0,0,189.5,0,0,1,39429.12,0,0,966.5,0,994.5,0,2086.5,0,0,1,1
2181,0,0,0,2119.5,0,0,0,38838.08,0,0,329.5,0,994.5,0,284.5,0,0,0,2
2183,0,1,1,2119.5,0,0,1,30670.84,0,1,2084.5,0,994.5,1,1170.5,0,0,0,1
2186,0,0,1,1619.5,0,0,0,52625.6,0,0,329.5,0,1926.5,0,284.5,1,0,1,1
2187,0,0,0,2119.5,1,0,0,43855.6,0,0,966.5,0,994.5,1,1170.5,0,0,0,1
2189,0,0,0,2119.5,0,1,0,39894.32,0,0,966.5,0,994.5,0,284.5,0,0,0,1
2190,0,0,0,2119.5,0,0,0,38803.6,0,0,2084.5,0,1926.5,0,284.5,0,0,1,2
2191,0,0,0,2119.5,0,0,0,37803.92,1,0,1521.5,1,268.5,1,1170.5,0,0,1,1
2192,0,1,0,883.5,0,0,0,36686.44,0,0,2084.5,0,1926.5,1,1170.5,1,0,1,1
2193,0,0,0,883.5,0,0,0,33364.72,0,0,329.5,0,994.5,1,1170.5,0,0,0,1
2194,0,0,0,1619.5,1,0,0,53951.52,0,0,329.5,0,1926.5,0,2086.5,1,0,1,1
2195,0,0,0,883.5,0,0,0,46836.12,1,0,329.5,0,1926.5,0,2086.5,0,0,1,1
2196,0,0,0,2119.5,0,0,0,40407.24,1,0,966.5,1,268.5,0,284.5,0,0,1,1
2197,0,0,0,1619.5,0,0,0,43196.16,0,0,966.5,0,1926.5,0,2086.5,1,0,0,1
2199,0,0,0,189.5,0,0,1,58502.72,0,0,2084.5,0,994.5,1,1170.5,1,0,1,1
2201,1,1,0,883.5,0,0,0,16112.64,0,1,2084.5,0,1926.5,0,284.5,0,1,0,1
2203,1,0,0,883.5,0,0,0,14463.46,0,1,966.5,0,1926.5,1,1170.5,1,0,0,3
2205,1,0,0,1619.5,1,0,0,14309.18,1,0,966.5,0,1926.5,1,1170.5,0,1,1,1
2206,1,0,0,189.5,0,0,1,13311.22,0,1,329.5,0,994.5,0,2086.5,0,1,1,1
2207,1,1,1,189.5,0,0,1,12322.58,0,0,966.5,1,268.5,1,1170.5,0,1,1,1
2208,1,1,0,883.5,0,0,0,17961.22,0,0,966.5,0,994.5,0,284.5,0,0,1,1
2209,1,0,0,883.5,1,0,0,17322.7,0,0,966.5,0,994.5,1,1170.5,0,0,0,1
2210,1,0,0,2119.5,0,0,0,16267.9,0,0,2084.5,0,994.5,1,1170.5,0,0,0,1
2213,1,1,1,2394.5,0,0,0,19487.26,0,0,1521.5,0,994.5,0,2086.5,1,0,1,1
2214,1,0,0,2119.5,0,0,1,17237.44,1,0,2084.5,0,1926.5,0,2086.5,0,0,1,1
2215,1,1,0,1619.5,1,0,0,14702.02,1,0,2084.5,0,994.5,0,284.5,0,1,1,1
2217,1,0,0,1619.5,0,0,0,17730.32,0,0,2084.5,0,1926.5,1,1170.5,0,1,1,4
2218,1,0,0,883.5,0,0,0,14881.38,0,0,966.5,0,1926.5,0,284.5,1,0,1,2
2221,1,0,1,2119.5,0,0,0,15200.08,0,1,1521.5,0,994.5,1,1170.5,0,0,0,1
2222,1,0,1,883.5,0,0,0,14178.1,0,0,329.5,0,1926.5,0,284.5,0,0,1,3
2226,1,0,1,1619.5,0,0,0,16694.4,1,0,966.5,0,994.5,1,1170.5,1,0,1,1
2228,1,0,1,2119.5,0,0,0,14764.7,1,0,1521.5,0,994.5,0,284.5,0,1,1,1
2230,1,0,1,189.5,0,0,1,16119,0,0,966.5,0,994.5,0,2086.5,1,0,1,5
2231,1,0,0,883.5,0,1,0,14749.6,0,0,2084.5,1,268.5,1,1170.5,1,0,0,1
2233,1,0,0,883.5,0,0,0,17964.6,0,1,2084.5,0,1926.5,1,1170.5,0,0,1,1
2234,1,0,0,189.5,0,0,1,15378.7,1,0,1521.5,0,1926.5,1,1170.5,0,1,1,1
2235,1,0,1,2394.5,0,0,0,16243.52,1,0,966.5,1,268.5,1,1170.5,1,0,1,2
2236,1,0,1,883.5,0,0,0,16528.04,0,0,1521.5,0,994.5,1,1170.5,1,0,1,1
2237,1,0,0,2119.5,0,0,0,19548.12,1,0,966.5,0,994.5,1,1170.5,0,1,1,1
2241,1,1,0,883.5,0,0,0,16313.14,0,0,2084.5,0,994.5,0,284.5,1,0,0,5
2243,1,1,0,883.5,0,0,0,13913.38,0,1,2084.5,0,994.5,0,2086.5,0,1,0,1
2244,1,0,0,883.5,0,0,0,15684.16,1,0,966.5,1,268.5,1,1170.5,0,1,0,4
2245,1,1,0,883.5,0,0,0,15533.08,0,0,1521.5,0,994.5,0,284.5,0,1,0,4
2246,1,0,0,883.5,0,0,0,14838.84,1,0,2084.5,0,994.5,0,2086.5,1,0,0,1
2247,1,0,0,189.5,0,0,1,14730.98,0,0,1521.5,0,1926.5,1,1170.5,1,0,1,1
2248,1,1,0,883.5,0,0,0,14557.46,0,1,329.5,0,994.5,1,1170.5,0,0,1,1
2249,1,1,1,1619.5,0,0,0,17655.34,0,1,2084.5,0,994.5,1,1170.5,0,0,0,1
2250,1,0,0,883.5,1,0,0,19159.88,0,0,2084.5,1,268.5,1,1170.5,0,1,0,1
2251,1,0,0,883.5,0,0,0,14397.64,0,1,966.5,1,268.5,0,284.5,1,0,0,1
2254,1,0,1,1619.5,0,0,1,17792.88,0,1,329.5,0,1926.5,1,1170.5,0,0,0,1
2255,1,0,0,883.5,0,0,1,17157.96,0,0,2084.5,0,994.5,1,1170.5,0,0,0,1
2256,1,0,0,189.5,0,0,1,17315.96,1,0,966.5,0,994.5,0,284.5,0,0,1,4
2257,1,0,0,883.5,0,0,0,18280.28,1,0,2084.5,1,268.5,1,1170.5,0,0,1,1
2258,1,1,0,883.5,0,1,0,15841.84,0,1,966.5,0,994.5,1,1170.5,0,1,1,4
2259,1,1,0,2394.5,0,0,0,18514.94,1,0,966.5,1,268.5,1,1170.5,1,0,0,1
2260,1,0,0,883.5,0,0,0,18568.96,1,0,1521.5,1,268.5,0,2086.5,0,0,0,1
2261,1,0,1,883.5,0,0,0,15839.4,0,1,966.5,1,268.5,1,1170.5,0,0,0,3
2262,1,1,0,189.5,0,0,1,11188.18,0,0,2084.5,0,1926.5,1,1170.5,0,0,1,1
2263,1,0,0,2119.5,0,0,0,15985.42,1,0,966.5,0,994.5,1,1170.5,0,0,1,1
2265,1,0,1,883.5,0,0,0,17569.42,0,0,1521.5,0,1926.5,0,284.5,1,0,0,1
2266,1,0,0,189.5,0,0,1,16817.8,0,1,2084.5,0,1926.5,0,284.5,0,0,0,3
2267,1,1,0,189.5,0,0,1,14086.12,0,1,2084.5,0,994.5,0,284.5,1,0,0,1
2268,1,0,0,883.5,0,0,1,16685.24,0,0,966.5,0,994.5,1,1170.5,0,1,0,1
2269,1,0,1,883.5,0,0,1,18450.06,1,0,2084.5,1,268.5,1,1170.5,0,1,1,1
2271,1,0,0,883.5,1,0,0,13638.94,1,0,1521.5,0,1926.5,1,1170.5,0,0,1,1
2273,1,0,0,2119.5,0,0,1,14360.5,0,0,2084.5,0,994.5,1,1170.5,0,0,0,1
2274,1,0,0,1619.5,0,0,1,15155.4,1,0,1521.5,1,268.5,1,1170.5,0,1,1,3
2275,1,0,0,883.5,0,0,0,14925.72,0,1,966.5,1,268.5,0,284.5,0,1,1,1
2278,1,0,0,189.5,0,0,1,14117.64,0,1,966.5,1,268.5,0,2086.5,1,0,0,2
2282,1,0,1,883.5,0,0,0,18874.42,1,0,966.5,0,1926.5,1,1170.5,1,0,1,1
2283,1,0,0,883.5,0,0,0,16350.66,0,1,966.5,1,268.5,1,1170.5,0,0,1,1
2284,1,1,0,883.5,1,0,0,12735.26,1,0,2084.5,0,994.5,1,1170.5,0,0,1,2
2285,1,1,0,883.5,0,1,0,15407.54,0,0,966.5,1,268.5,1,1170.5,1,0,1,1
2286,1,0,0,883.5,0,0,0,16507.58,0,1,2084.5,0,1926.5,0,284.5,0,0,1,1
2287,1,0,0,1619.5,0,0,1,13196.92,0,0,966.5,0,994.5,0,284.5,0,0,0,1
2288,1,0,1,189.5,0,0,1,12021.04,0,0,2084.5,1,268.5,0,2086.5,0,1,1,4
2289,1,1,0,883.5,0,0,0,15994.54,1,0,2084.5,0,994.5,1,1170.5,0,0,0,2
2290,1,0,0,883.5,0,0,0,14147.86,0,0,1521.5,0,1926.5,1,1170.5,0,1,1,1
2291,1,1,0,1619.5,0,0,0,17060.78,0,0,966.5,1,268.5,1,1170.5,0,1,1,1
2292,1,0,0,189.5,0,0,1,13143.8,0,0,966.5,0,1926.5,0,2086.5,0,0,1,1
2293,1,0,0,1619.5,0,0,0,15360.8,0,0,1521.5,0,994.5,1,1170.5,0,1,0,1
2294,1,0,1,883.5,0,0,1,16823.46,1,0,966.5,0,994.5,0,2086.5,1,0,1,1
2296,1,1,0,883.5,0,0,1,14898.92,0,1,2084.5,0,994.5,1,1170.5,0,1,1,1
2297,1,0,0,883.5,0,0,0,16115.36,0,0,2084.5,1,268.5,1,1170.5,0,0,0,2
2298,1,1,0,883.5,0,0,0,14805.4,1,0,966.5,0,994.5,1,1170.5,0,0,0,3
2299,1,0,0,883.5,0,0,1,15474.88,0,0,329.5,0,1926.5,1,1170.5,0,1,1,1
2301,1,1,1,1619.5,0,0,0,16097.36,0,1,1521.5,0,994.5,0,284.5,0,1,0,1
2302,1,0,1,189.5,0,0,1,12315.26,0,0,1521.5,0,994.5,1,1170.5,1,0,1,3
2303,1,1,1,883.5,0,0,0,14790.98,0,1,1521.5,0,994.5,0,284.5,0,1,1,1
2307,1,0,0,883.5,0,0,0,14757.96,1,0,2084.5,1,268.5,0,284.5,0,1,0,4
2308,1,0,0,1619.5,0,0,0,17714.38,0,0,1521.5,0,994.5,1,1170.5,1,0,0,1
2309,1,0,0,883.5,0,0,0,19038.72,1,0,1521.5,0,994.5,1,1170.5,0,0,0,1
2310,1,0,0,1619.5,0,0,0,13715.5,1,0,1521.5,1,268.5,1,1170.5,1,0,0,1
2312,1,0,1,189.5,0,0,1,15965.14,0,0,329.5,0,994.5,1,1170.5,0,1,1,1
2313,1,0,1,1619.5,0,0,0,14938.12,1,0,329.5,0,1926.5,0,2086.5,0,0,1,1
2314,1,0,0,883.5,0,0,0,13229.68,0,1,2084.5,0,994.5,0,284.5,0,1,0,1
2315,1,0,0,2119.5,0,0,0,13842.64,1,0,1521.5,0,994.5,1,1170.5,1,0,1,1
2318,1,0,1,1619.5,0,0,0,17941.64,0,0,2084.5,0,1926.5,1,1170.5,0,0,1,1
2319,1,0,1,189.5,0,0,1,15064.4,0,0,966.5,0,1926.5,1,1170.5,0,0,1,1
2320,1,1,0,189.5,0,0,1,11738.24,0,1,2084.5,0,1926.5,1,1170.5,1,0,1,1
2322,1,0,0,883.5,0,0,1,16942.98,0,0,2084.5,0,994.5,1,1170.5,0,0,1,5
2323,1,0,0,189.5,0,0,1,12922.24,1,0,1521.5,0,994.5,1,1170.5,1,0,1,1
2324,1,0,0,2119.5,0,0,1,15182.18,0,0,329.5,1,268.5,0,2086.5,0,1,0,1
2325,1,0,1,189.5,0,0,1,11607.32,0,0,2084.5,0,994.5,1,1170.5,0,0,1,1
2326,1,0,1,189.5,0,0,1,12171.9,1,0,1521.5,0,1926.5,0,2086.5,1,0,0,1
2328,1,0,0,883.5,0,0,1,16418.16,1,0,2084.5,1,268.5,1,1170.5,0,1,1,3
2329,1,0,0,1619.5,0,0,1,18567.92,1,0,966.5,1,268.5,1,1170.5,1,0,1,1
2330,1,0,1,883.5,0,0,0,13532.96,0,1,1521.5,1,268.5,1,1170.5,0,0,0,1
2331,1,0,0,883.5,0,0,1,19557.42,0,0,966.5,1,268.5,1,1170.5,0,0,1,1
2332,1,0,0,883.5,0,0,0,16558.5,1,0,966.5,0,994.5,1,1170.5,1,0,0,1
2333,1,0,0,883.5,0,0,0,15556.42,1,0,2084.5,0,994.5,0,284.5,1,0,1,1
2334,1,1,0,189.5,0,0,1,12031.04,1,0,329.5,0,994.5,1,1170.5,0,0,0,5
2335,1,0,0,883.5,0,0,0,14754.02,1,0,1521.5,1,268.5,0,2086.5,1,0,1,1
2336,1,0,0,189.5,0,0,1,16350.22,0,0,2084.5,1,268.5,1,1170.5,0,1,0,1
2337,1,0,0,883.5,0,0,1,14437.42,1,0,1521.5,0,994.5,0,284.5,0,0,1,1
2338,1,0,1,883.5,0,0,1,17814.44,0,1,1521.5,0,994.5,0,2086.5,0,0,1,1
2339,1,0,0,883.5,0,0,1,15916.24,0,0,966.5,0,1926.5,0,284.5,0,1,1,1
2342,1,0,0,883.5,1,0,0,14590.18,0,0,966.5,0,1926.5,1,1170.5,0,0,0,1
2343,1,0,1,189.5,0,0,1,11481.92,1,0,329.5,0,994.5,1,1170.5,0,0,0,2
2345,1,1,0,189.5,0,0,1,14402.96,1,0,1521.5,0,994.5,1,1170.5,1,0,0,4
2346,1,1,0,883.5,0,0,0,15858.18,1,0,2084.5,1,268.5,1,1170.5,1,0,1,1
2347,1,0,0,883.5,0,0,1,17241.52,1,0,966.5,0,994.5,1,1170.5,0,1,0,5
2348,1,1,0,2394.5,0,1,0,16208.98,0,0,966.5,1,268.5,0,284.5,1,0,0,1
2349,1,0,1,883.5,0,0,0,15757.92,0,1,1521.5,1,268.5,1,1170.5,0,0,0,2
2350,1,0,1,1619.5,0,0,0,14679.3,0,1,1521.5,0,994.5,1,1170.5,0,0,0,1
2352,1,0,0,189.5,0,0,1,15653.96,0,0,2084.5,0,1926.5,1,1170.5,0,0,0,1
2354,1,0,1,1619.5,0,0,1,16045.66,0,1,329.5,0,1926.5,1,1170.5,1,0,0,1
2355,1,0,0,2119.5,0,0,0,13501.38,1,0,2084.5,1,268.5,0,2086.5,0,1,0,1
2356,1,0,1,883.5,1,0,0,17005.76,1,0,966.5,0,994.5,1,1170.5,0,0,1,1
2357,1,0,1,1619.5,0,0,1,14743.56,0,0,966.5,0,994.5,1,1170.5,0,1,1,5
2358,1,0,1,2119.5,0,0,0,17675.5,1,0,1521.5,0,994.5,1,1170.5,0,1,1,1
2361,1,0,1,2119.5,0,0,1,15432.26,1,0,2084.5,1,268.5,0,2086.5,1,0,0,2
2363,1,0,1,883.5,0,0,0,16030.1,1,0,2084.5,0,1926.5,1,1170.5,1,0,1,4
2364,1,0,0,883.5,0,0,1,17315.64,1,0,2084.5,1,268.5,1,1170.5,0,1,0,1
2366,1,0,0,1619.5,0,0,0,16380.52,1,0,966.5,1,268.5,1,1170.5,1,0,0,1
2367,1,0,0,883.5,0,0,0,12892.54,1,0,1521.5,0,994.5,0,284.5,0,1,0,1
2369,1,0,1,883.5,0,0,0,18236.68,1,0,1521.5,0,1926.5,1,1170.5,0,0,1,1
2370,1,0,1,883.5,0,0,0,14606.48,0,0,966.5,0,994.5,0,284.5,0,1,1,4
2371,1,0,0,883.5,0,0,1,17560.06,0,0,966.5,0,994.5,1,1170.5,0,0,1,1
2372,1,0,0,883.5,1,0,0,15919.44,0,1,329.5,1,268.5,0,2086.5,0,1,0,3
2374,1,0,0,1619.5,0,0,0,14217.68,1,0,2084.5,1,268.5,1,1170.5,0,0,1,1
2375,1,0,0,883.5,0,0,1,14142.72,0,0,2084.5,0,994.5,1,1170.5,1,0,0,1
2376,1,0,1,189.5,0,0,1,12607.78,1,0,1521.5,0,994.5,1,1170.5,1,0,0,1
2379,1,0,0,883.5,0,0,0,14519.84,0,0,329.5,0,994.5,0,284.5,0,0,0,1
2380,1,0,0,189.5,0,0,1,12879.34,1,0,1521.5,0,1926.5,1,1170.5,1,0,1,3
2383,1,0,0,883.5,0,0,1,15601.32,1,0,966.5,1,268.5,1,1170.5,1,0,1,1
2384,1,1,0,883.5,0,0,0,14615.44,1,0,2084.5,0,994.5,1,1170.5,0,0,1,3
2385,1,1,1,1619.5,1,0,0,14603.16,0,1,966.5,1,268.5,0,284.5,0,0,1,1
2386,1,1,1,883.5,0,0,0,15553.46,1,0,966.5,0,994.5,1,1170.5,0,1,1,1
2388,1,0,0,883.5,0,0,0,18073.86,1,0,1521.5,0,994.5,1,1170.5,0,1,1,1
2389,1,0,0,189.5,0,0,1,11759.96,0,1,966.5,0,994.5,0,2086.5,0,0,1,1
2391,1,0,0,1619.5,0,0,0,15493.04,1,0,1521.5,1,268.5,1,1170.5,0,0,0,1
2393,1,1,1,1619.5,0,0,0,16015.46,0,0,1521.5,1,268.5,1,1170.5,0,0,1,1
2395,1,1,1,883.5,0,0,0,16087.6,0,1,2084.5,1,268.5,0,284.5,0,0,1,1
2396,1,0,0,1619.5,0,0,1,15498.72,0,0,966.5,0,994.5,1,1170.5,0,1,0,3
2397,1,0,0,2119.5,0,0,1,18492.54,0,0,966.5,1,268.5,1,1170.5,1,0,0,1
2398,1,0,0,883.5,0,0,0,18053.94,1,0,966.5,0,994.5,1,1170.5,0,1,1,2
2399,1,0,0,189.5,0,0,1,11634.46,0,0,2084.5,0,994.5,1,1170.5,0,0,1,3
